PURCHNAME,DELIVERY_LOCATION,PALLETS ,LINEAMOUNT
Hoddesdon Distribution Ltd,"Mr Shabir Ahmed36 Park Road Oldham
Oldham
OL8 1DB
GBR",5,275
Lenham Storage Co. Ltd,"Waitrose National Dist Ctre Atkinson Way
Milton Keynes
MK17 8FF
GBR",14,162.63
Lenham Storage Co. Ltd,"Waitrose National Dist Ctre Atkinson Way
Milton Keynes
MK17 8FF
GBR",12,189.74
Roche freight (Ireland) Ltd,"Killamonan Road The Ward Co.Dublin
Co dublin
DublinDublin
IRL",1.83,305.24
Lenham Storage Co. Ltd,"Unit 2D Central Boulevard Prologis Park    Coventry
Coventry
CV6 4BX
GBR",31,135.1
Shakespeare Transport Ltd,"UNIT 24 WHOLESALE FRUIT CENTRE 
CARDIFF, Wales
CF11 8BB
GBR",3,126.9
Roche freight (Ireland) Ltd,"Killamonan Road The Ward Co.Dublin
Co dublin
DublinDublin
IRL",1.83,305.24
Hoddesdon Distribution Ltd,"A Division of Samworth Brothers Limited- Oak Spinney Park Ratby Lane Forest East
Leicester
LE3 3JZ
GBR",1,200
Lenham Storage Co. Ltd,"Andover Business Park Pioneer Road
Andover
SP11 8EZ
GBR",8,174.65
Lenham Storage Co. Ltd,"Popular Way West
Cabot park
Avonmouth
Bristol
BS11 0YW
GBR",10,251.16
Lenham Storage Co. Ltd,"Unit 2D Central Boulevard Prologis Park    Coventry
Coventry
CV6 4BX
GBR",15,366.42
Lenham Storage Co. Ltd,"Wincanton Elton Head oad
St Helens
WA9 5AX
GBR",7,234.49
Hoddesdon Distribution Ltd,"M & S Distribution Centre  Pro Logis Park. Newhall Way 
Bradford
BD5 8L
GBR",21,440
Roche freight (Ireland) Ltd,"Killamonan Road The Ward Co.Dublin
Co dublin
DublinDublin
IRL",4.87,685.44
Hoddesdon Distribution Ltd,"Altendiez Way
Burton Latimer
NN15 5YT
GBR",19,243
Lenham Storage Co. Ltd,"Popular Way West Cabot park Avonmouth  Bristol
Bristol
BS11 0YW
GBR",15,346.01
Lenham Storage Co. Ltd,"Rutherford Drive Park Farm
South Wellingborough
NN8 6AQ
GBR",12,219.26
Lenham Storage Co. Ltd,"Unit 2D Central Boulevard Prologis Park    Coventry
Coventry
CV6 4BX
GBR",26,422.32
Lenham Storage Co. Ltd,"Unit B Farmwell Lane Castlewood Business Park South Normanton
Alferton
NG17 1JF
GBR",15,343.84
Lenham Storage Co. Ltd,"Wincanton Elton Head oad
St Helens
WA9 5AX
GBR",5,151.17
Shakespeare Transport Ltd,"63 Ifield Road
Crawley
RH11 7AS
GBR",2,94.6
Shakespeare Transport Ltd,"Unit 12- 13 Valley Road Business ParkValley Road
Keighley
BD21 4LZ
GBR",3,120.15
Hoddesdon Distribution Ltd,"Resturant Wholesale London Works Ripple Road
London
IG11 0SY
GBR",4,180
Shakespeare Transport Ltd,"Hulme Hall Lane Lord North Street Miles Platting
Manchester
M40 8AD
GBR",3,120.15
Shakespeare Transport Ltd,"Southbridge Way The Green
Southall
UB2 4AX
GBR",3,148.05
Shakespeare Transport Ltd,"Unit 7 Chiley Industrial Est Pump Lane
Hayes
UB3 3NB
GBR",3,148.05
Lenham Storage Co. Ltd,"Rutherford Drive Park Farm
South Wellingborough
NN8 6AQ
GBR",11,179.89
Hoddesdon Distribution Ltd,"7 Distribution Center 7500 Skyline Drive
Warrington
WA5 3TP
GBR",24,432
Hoddesdon Distribution Ltd,"Crossways Business Park Galleon Boulevard
Dartford
DA2 6QL
GBR",23,16
Hoddesdon Distribution Ltd,"Wakefield 41 Ind Est
Wakefield
WF2 0XF
GBR",17,394
Lenham Storage Co. Ltd,"Unit 2D Central Boulevard Prologis Park    Coventry
Coventry
CV6 4BX
GBR",11,81.06
Shakespeare Transport Ltd,"2 Princess Road  West Sussex
Crawley
RH11 7BJ
GBR",1.97,94.6
Shakespeare Transport Ltd,"228 Portland Road
Hove
BN3 5QT
GBR",3,141.9
Shakespeare Transport Ltd,"46 Bishopscote Road
Luton
LU3 1PB
GBR",3,120.15
Shakespeare Transport Ltd,"84 Toryglen Street
Glasgow
G5 0BH
GBR",5,277.75
Shakespeare Transport Ltd,"9 Tweedale Street
Rochdale
OL11 1HH
GBR",3,120.15
Lenham Storage Co. Ltd,"401 Edinburgh Road Newhouse  Motherwell  North Lanarkshire
Motherwell
ML1 5GH
GBR",6,239.28
Shakespeare Transport Ltd,"55-56 St Mary's Road
Southampton
SO14 0BH
GBR",3,129.45
Hoddesdon Distribution Ltd,"44 Watts Grove
Bow
E3 3RE
GBR",7,205
Hoddesdon Distribution Ltd,"Furnham Rd
Chard
TA20 1AA
GBR",5,265
Hoddesdon Distribution Ltd,"Magna Park A5 Watling Street
Lutterworth
LE17 4QU
GBR",23,287
Hoddesdon Distribution Ltd,"Unit 1553 Lewisher Road
Leicester
LE4 9LR
GBR",4.5,195
Hoddesdon Distribution Ltd,"Unit 1553 Lewisher Road
Leicester
LE4 9LR
GBR",2.5,390
Lenham Storage Co. Ltd,"Oliver Road
West Thurrock
RM20 3EN
GBR",5,109.15
Shakespeare Transport Ltd,"Unit 8 Midland Street Ardwick
Manchester
M12 6LB
GBR",3,120.15
Hoddesdon Distribution Ltd,"T/A IqbroUnit 3 C Button End Industrial Estate Button End
Harston
CB22 7GX
GBR",5,170
Lenham Storage Co. Ltd,"Andover Business Park Pioneer Road
Andover
SP11 8EZ
GBR",5,99.8
Lenham Storage Co. Ltd,"Unit 2D Central Boulevard Prologis Park    Coventry
Coventry
CV6 4BX
GBR",21,81.06
Lenham Storage Co. Ltd,"Unit 2D Central Boulevard Prologis Park    Coventry
Coventry
CV6 4BX
GBR",27,243.18
DHL Express Ltd,"3 Avenue de Br?hat Villebon-sur-Yvette 
91140Essonne
FRA",3,695
Hoddesdon Distribution Ltd,"Cob Drive Swan Valley
Northampton
NN4 9BB
GBR",3,200
Hoddesdon Distribution Ltd,"Cob Drive Swan Valley
Northampton
NN4 9BB
GBR",19,304
Hoddesdon Distribution Ltd,"Davy Close Park Farm Ind Est
Wellingborough
NN8 6XX
GBR",22,270
Hoddesdon Distribution Ltd,"Do not use staples in PW Langley Park Chalk Lane
Sutton Bridge
PE12 9YF
GBR",10,330
Hoddesdon Distribution Ltd,"Seafield Lane Beoley 
Worcestershire
Redditch 
B98 9DB
GBR",5,225
Hoddesdon Distribution Ltd,"UNIT 5 RIVERSIDE Way
WAYUXBRIDGE
UB8 2YF
GBR",3,145
Lenham Storage Co. Ltd,"Oliver Road
West Thurrock
RM20 3EN
GBR",6,109.15
Lenham Storage Co. Ltd,"Rutherford Drive Park Farm
South Wellingborough
NN8 6AQ
GBR",8,199.99
Shakespeare Transport Ltd,"7 Solar WayInova Park
Enfield
EN3 7XY
GBR",3,181.65
Shakespeare Transport Ltd,"953/959 Garret Lane
Tooting
SW17 0LW
GBR",1.79,173.7
Shakespeare Transport Ltd,"953/959 Garret Lane
Tooting
SW17 0LW
GBR",1.1,347.4
Roche freight (Ireland) Ltd,"Killamonan Road The Ward Co.Dublin
Co dublin
DublinDublin
IRL",3.66,591.19
Hoddesdon Distribution Ltd,"7 Distribution Center 7500 Skyline Drive
Warrington
WA5 3TP
GBR",1,20
Hoddesdon Distribution Ltd,"7 Distribution Center 7500 Skyline Drive
Warrington
WA5 3TP
GBR",22,389
Hoddesdon Distribution Ltd,"Altendiez Way
Burton Latimer
NN15 5YT
GBR",21,280
Hoddesdon Distribution Ltd,"Crossways Business Park Galleon Boulevard
Dartford
DA2 6QL
GBR",2,10
Hoddesdon Distribution Ltd,"Crossways Business Park Galleon Boulevard
Dartford
DA2 6QL
GBR",23,195
Hoddesdon Distribution Ltd,"Fesa 
Clay lake 
Spalding
PE12 6BL
GBR",13,380
Hoddesdon Distribution Ltd,"K ing St Rudheath (A556/A533)
Northwich
CW9 7WA
GBR",17,333
Hoddesdon Distribution Ltd,"Kings Road
Bridgwater
TA6 4FG
GBR",15,356
Hoddesdon Distribution Ltd,"Magna Park A5 Watling Street
Lutterworth
LE17 4QU
GBR",1,14
Hoddesdon Distribution Ltd,"Magna Park A5 Watling Street
Lutterworth
LE17 4QU
GBR",22,279
Hoddesdon Distribution Ltd,"Off Silverdale Road Pump Lane
Hayes
UB3 3BL
GBR",5,186
Hoddesdon Distribution Ltd,"Rockingham Way Redhouse Interchange
Doncaster
DN6 7FB
GBR",3,58
Hoddesdon Distribution Ltd,"Rockingham Way Redhouse Interchange
Doncaster
DN6 7FB
GBR",6,97
Hoddesdon Distribution Ltd,"Rockingham Way Redhouse Interchange
Doncaster
DN6 7FB
GBR",10,135
Hoddesdon Distribution Ltd,"Trading as Quality Foods 49-61 South Road
Southall
UB1 1SQ
GBR",4,150
Hoddesdon Distribution Ltd,"Unit 6  Guardian Road Ind. Estate Guardian Road
Norwich
NP5 8PF
GBR",4,210
Hoddesdon Distribution Ltd,"Wakefield 41 Ind Est
Wakefield
WF2 0XF
GBR",21,355
Lenham Storage Co. Ltd,"401 Edinburgh Road Newhouse  Motherwell  North Lanarkshire
Motherwell
ML1 5GH
GBR",11,553.95
Lenham Storage Co. Ltd,"Wincanton Elton Head oad
St Helens
WA9 5AX
GBR",5,199.56
Shakespeare Transport Ltd,"1 Uxbridge Road Hayes
hayes
UB4 0JU
GBR",3,148.05
Shakespeare Transport Ltd,"19 Mitre Road
Longsight, Manchester
M13 0NU
GBR",3,135.6
Shakespeare Transport Ltd,"Greenbank Business Park Blakewater Road
Blackburn
BB1 3HU
GBR",3,120.15
Lenham Storage Co Ltd,"Popular Way West Cabot park Avonmouth  Bristol
Bristol
BS11 0YW
GBR",9,267.03
Lenham Storage Co Ltd,"Unit B Farmwell Lane Castlewood Business Park South Normanton
Alferton
NG17 1JF
GBR",7,269.44
Hoddesdon Distribution Ltd,"109-111 Lozells Road
West Midlands
B19 2TR
GBR",14,325
Hoddesdon Distribution Ltd,"5 Solar Way Innova Park
Enfield
EN3 7XY
GBR",5,180
Hoddesdon Distribution Ltd,"Hailey Rd. Business Park
Erith
DA18 4AR
GBR",10,205
Hoddesdon Distribution Ltd,"Melford Road Righead Industrial Estate
Bellshill
ML4  3QD
GBR",12,742
Hoddesdon Distribution Ltd,"Quality Foods 34- 62 Staines Road Hounslow
Hounslow
TW3 3LZ
GBR",8,205
Hoddesdon Distribution Ltd,"Sonali Supermarket Birmingham ltd Lozells Road
Birmingham
B192TN
GBR",5,195
Hoddesdon Distribution Ltd,"Unit 1a River Park Industrial Estate Billet Lane
Berkhamsted
HP4 1HL
GBR",4,160
Hoddesdon Distribution Ltd,"Unit 7A Odhams Trad EstSt Albans Road
Watford
WD24 7RY
GBR",3,137
Lenham Storage Co. Ltd,"Unit 2D Central Boulevard Prologis Park    Coventry
Coventry
CV6 4BX
GBR",9,81.06
Lenham Storage Co. Ltd,"Unit 2D Central Boulevard Prologis Park    Coventry
Coventry
CV6 4BX
GBR",14,189.14
Hoddesdon Distribution Ltd,"7 Distribution Center 7500 Skyline Drive
Warrington
WA5 3TP
GBR",24,434
Hoddesdon Distribution Ltd,"Altendiez Way
Burton Latimer
NN15 5YT
GBR",13,198
Hoddesdon Distribution Ltd,"Ash Road South Wrexham Ind Estate
Wrexham, Wales
LL13 9UG
GBR",1,30
Hoddesdon Distribution Ltd,"Ash Road South Wrexham Ind Estate
Wrexham, Wales
LL13 9UG
GBR",14,415
Hoddesdon Distribution Ltd,"c/o DHL Foxhills Ind Est
Scunthorpe
DN159YA
GBR",8,360
Hoddesdon Distribution Ltd,"Cob Drive Swan Valley
Northampton
NN4 9BB
GBR",1,16
Hoddesdon Distribution Ltd,"Crossways Business Park Galleon Boulevard
Dartford
DA2 6QL
GBR",24,208
Hoddesdon Distribution Ltd,"Do not use staples in PW Langley Park Chalk Lane
Sutton Bridge
PE12 9YF
GBR",23,380
Hoddesdon Distribution Ltd,"Fesa 
Clay lake 
Spalding
PE12 6BL
GBR",18,410
Hoddesdon Distribution Ltd,"Foxbridge Way Off Pontefract Road Normanton
Wakefield
WF6 1TN
GBR",1,17
Hoddesdon Distribution Ltd,"Foxbridge Way Off Pontefract Road Normanton
Wakefield
WF6 1TN
GBR",22,367
Hoddesdon Distribution Ltd,"K ing St Rudheath (A556/A533)
Northwich
CW9 7WA
GBR",13,292.5
Hoddesdon Distribution Ltd,"Kings Road
Bridgwater
TA6 4FG
GBR",11,348
Hoddesdon Distribution Ltd,"Magna Park A5 Watling Street
Lutterworth
LE17 4QU
GBR",1,14
Hoddesdon Distribution Ltd,"Magna Park A5 Watling Street
Lutterworth
LE17 4QU
GBR",23,296
Hoddesdon Distribution Ltd,"Milton Park Milton
Abingdon
OX14 4TF
GBR",1,13
Hoddesdon Distribution Ltd,"Milton Park Milton
Abingdon
OX14 4TF
GBR",23,292
Hoddesdon Distribution Ltd,"Newhouse Farm Ind Est
Chepstow
NP6 6UD
GBR",24,411
Hoddesdon Distribution Ltd,"South bridge way The Green
Southall
UB2 4AX
GBR",3.64,150
Hoddesdon Distribution Ltd,"Wakefield 41 Ind Est
Wakefield
WF2 0XF
GBR",11,220
Lenham Storage Co. Ltd,"Murrayfield Road  Braunstone Frith Ind Estate   
Leicester
LE3 1UW
GBR",5,167.03
Shakespeare Transport Ltd,"732 Oxford Road
Reading
RG30 1EL
GBR",2,92.2
Shakespeare Transport Ltd,"Unit 6  Guardian Road Ind. Estate Guardian Road
Norwich
NR5 8PF
GBR",2,94.3
Hoddesdon Distribution Ltd,"1 Uxbridge Road Hayes
hayes
UB4 0JU
GBR",5,170
Hoddesdon Distribution Ltd,"Atlas Wharf Berkshire Road
London
E9 5NB
GBR",13,240
Hoddesdon Distribution Ltd,"Carriden Industrial EstateBridgemess Road
Bo'ness
EH51 9SJ
GBR",3,440
Hoddesdon Distribution Ltd,"Do not use staples in PW Laburnum Farm Old Leake 
Boston
PE22 9PN
GBR",3,235
Hoddesdon Distribution Ltd,"Earlsgate Park Earls Road   Grangemouth  Stirlingshire
Stirlingshire
FK3 8UZ
GBR",1,38
Hoddesdon Distribution Ltd,"Earlsgate Park Earls Road   Grangemouth  Stirlingshire
Stirlingshire
FK3 8UZ
GBR",21,800
Hoddesdon Distribution Ltd,"Melford Road Righead Industrial Estate
Bellshill
ML4  3QD
GBR",9,495
Lenham Storage Co. Ltd,"Rutherford Drive Park Farm
South Wellingborough
NN8 6AQ
GBR",6,153.1
Hoddesdon Distribution Ltd,"Do not use staples in PW Langley Park Chalk Lane
Sutton Bridge
PE12 9YF
GBR",11,330
Hoddesdon Distribution Ltd,"Saladworks (A Division of Samworth Brothers Limited) Oak Spinney Park Ratby Lane Leicester Forest East
Leicester
LE3 3JZ
GBR",1,200
Lenham Storage Co. Ltd,"Andover Business Park Pioneer Road
Andover
SP11 8EZ
GBR",6,149.7
Lenham Storage Co. Ltd,"Drum Ind Est Chester-Le-Street
Durham
DH2 1AE
GBR",5,278.19
Lenham Storage Co. Ltd,"Oliver Road
West Thurrock
RM20 3EN
GBR",5,65.49
Lenham Storage Co. Ltd,"Popular Way West Cabot park Avonmouth  Bristol
Bristol
BS11 0YW
GBR",6,167.03
Lenham Storage Co. Ltd,"Unit 2D Central Boulevard Prologis Park    Coventry
Coventry
CV6 4BX
GBR",30,297.22
Lenham Storage Co. Ltd,"Unit 2D Central Boulevard Prologis Park    Coventry
Coventry
CV6 4BX
GBR",21,404.58
Lenham Storage Co. Ltd,"Wincanton Elton Head oad
St Helens
WA9 5AX
GBR",6,151.17
Shakespeare Transport Ltd,"Unit 19 Small HeathTrading Estate Armoury Road
Birmingham
B11 2RJ
GBR",3,120.15
Roche freight Ireland Ltd,"Killamonan Road The Ward Co.Dublin
Co dublin
DublinDublin
IRL",3.65,591.19
Hoddesdon Distribution Ltd,"1 Uxbridge Road Hayes
hayes
UB4 0JU
GBR",6,220
Hoddesdon Distribution Ltd,"5 Solar Way Innova Park
Enfield
EN3 7XY
GBR",5,180
Hoddesdon Distribution Ltd,"7 Distribution Center 7500 Skyline Drive
Warrington
WA5 3TP
GBR",1,18
Hoddesdon Distribution Ltd,"7 Distribution Center 7500 Skyline Drive
Warrington
WA5 3TP
GBR",23,416
Hoddesdon Distribution Ltd,"Altendiez Way
Burton Latimer
NN15 5YT
GBR",18,240
Hoddesdon Distribution Ltd,"Crossways Business Park Galleon Boulevard
Dartford
DA2 6QL
GBR",1,9
Hoddesdon Distribution Ltd,"Crossways Business Park Galleon Boulevard
Dartford
DA2 6QL
GBR",24,207
Hoddesdon Distribution Ltd,"Davy Close Park Farm Ind Est
Wellingborough
NN8 6XX
GBR",24,330
Hoddesdon Distribution Ltd,"Fesa 
Clay lake 
Spalding
PE12 6BL
GBR",18,410
Hoddesdon Distribution Ltd,"Greencore Prepared Foods Hownsgill Park Consett Co. Durham
DH8 7NU
GBR",8,510
Hoddesdon Distribution Ltd,"K ing St Rudheath (A556/A533)
Northwich
CW9 7WA
GBR",20,450
Hoddesdon Distribution Ltd,"Kings Road
Bridgwater
TA6 4FG
GBR",14,391
Hoddesdon Distribution Ltd,"Rockingham Way Redhouse Interchange
Doncaster
DN6 7FB
GBR",2,33
Hoddesdon Distribution Ltd,"Rockingham Way Redhouse Interchange
Doncaster
DN6 7FB
GBR",6,98
Hoddesdon Distribution Ltd,"Rockingham Way Redhouse Interchange
Doncaster
DN6 7FB
GBR",8,131
Hoddesdon Distribution Ltd,"Wakefield 41 Ind Est
Wakefield
WF2 0XF
GBR",19,322
Shakespeare Transport Ltd,"Dolphin Way Purfleet
Purfleet
RM19 1NZ
GBR",3,144.9
Hoddesdon Distribution Ltd,"169 Ettingshall Road
Wolverhampton
WV2 2RB
GBR",6,195
Hoddesdon Distribution Ltd,"Ahmed HouseBelle Vue Avenue
Longsight , Manchester
M12 4AS
GBR",5,275
Hoddesdon Distribution Ltd,"c/o DHL Foxhills Ind Est
Scunthorpe
DN159YA
GBR",7,360
Hoddesdon Distribution Ltd,"Cob Drive Swan Valley
Northampton
NN4 9BB
GBR",4,220
Hoddesdon Distribution Ltd,"Earlsgate Park Earls Road   Grangemouth  Stirlingshire
Stirlingshire
FK3 8UZ
GBR",25,952
Hoddesdon Distribution Ltd,"Hailey Rd. Business Park
Erith
DA18 4AR
GBR",13,215
Hoddesdon Distribution Ltd,"Melford Road Righead Industrial Estate
Bellshill
ML4  3QD
GBR",6,679
Hoddesdon Distribution Ltd,"Unit8 Anchor Business Park Featherstall Road North
Oldham
OL9 6AZ
GBR",6,330
Hoddesdon Distribution Ltd,"Wag Hardwick Grange
Willston
WA1 4RJ
GBR",5,370
Hoddesdon Distribution Ltd,"Unit A Trafalgar CentreBelfield Road
Rochdale
OL16 2UX
GBR",3,240
Hoddesdon Distribution Ltd,"7 Distribution Center 7500 Skyline Drive
Warrington
WA5 3TP
GBR",24,434
Hoddesdon Distribution Ltd,"Altendiez Way
Burton Latimer
NN15 5YT
GBR",14,264
Hoddesdon Distribution Ltd,"Booth Drive Parkfarm Ind. Estate    Wellingborough  Northants
Wellingborough
NN8 6GR
GBR",6,145
Hoddesdon Distribution Ltd,"Cameron Wood  Nettlehill Rd Houston Industrial Estate
LIVINGSTON
EH54 5DL
GBR",5,600
Hoddesdon Distribution Ltd,"Crossways Business Park Galleon Boulevard
Dartford
DA2 6QL
GBR",1,9
Hoddesdon Distribution Ltd,"Crossways Business Park Galleon Boulevard
Dartford
DA2 6QL
GBR",23,199
Hoddesdon Distribution Ltd,"Fesa 
Clay lake 
Spalding
PE12 6BL
GBR",8,340
Hoddesdon Distribution Ltd,"Foxbridge Way Off Pontefract Road Normanton
Wakefield
WF6 1TN
GBR",23,380
Hoddesdon Distribution Ltd,"Furnham Rd
Chard
TA20 1AA
GBR",4,265
Hoddesdon Distribution Ltd,"HAYDOCK IND EST HAYDOCK
St Helens
WA11 9WD
GBR",6,380
Hoddesdon Distribution Ltd,"K ing St Rudheath (A556/A533)
Northwich
CW9 7WA
GBR",13,390
Hoddesdon Distribution Ltd,"Kings Road
Bridgwater
TA6 4FG
GBR",12,380
Hoddesdon Distribution Ltd,"Magna Park A5 Watling Street
Lutterworth
LE17 4QU
GBR",2,13
Hoddesdon Distribution Ltd,"Magna Park A5 Watling Street
Lutterworth
LE17 4QU
GBR",23,296
Hoddesdon Distribution Ltd,"Milton Park Milton
Abingdon
OX14 4TF
GBR",3,13
Hoddesdon Distribution Ltd,"Milton Park Milton
Abingdon
OX14 4TF
GBR",1,200
Hoddesdon Distribution Ltd,"Milton Park Milton
Abingdon
OX14 4TF
GBR",1,240
Hoddesdon Distribution Ltd,"Milton Park Milton
Abingdon
OX14 4TF
GBR",22,278
Hoddesdon Distribution Ltd,"Newhouse Farm Ind Est
Chepstow
NP6 6UD
GBR",1,17
Hoddesdon Distribution Ltd,"Newhouse Farm Ind Est
Chepstow
NP6 6UD
GBR",24,411
Hoddesdon Distribution Ltd,"Penzance Drive Churchward Park
Swindon
SN5 7JF
GBR",5,295
Hoddesdon Distribution Ltd,"Unit 1553 Lewisher Road
Leicester
LE4 9LR
GBR",1.5,162
Hoddesdon Distribution Ltd,"Unit 1553 Lewisher Road
Leicester
LE4 9LR
GBR",2.5,324
Hoddesdon Distribution Ltd,"Wakefield 41 Ind Est
Wakefield
WF2 0XF
GBR",18,344
Lenham Storage Co Ltd,"Unit 2D Central Boulevard Prologis Park    Coventry
Coventry
CV6 4BX
GBR",42,455.15
Lenham Storage Co Ltd,"Wincanton Elton Head oad
St Helens
WA9 5AX
GBR",5,51.93
Hoddesdon Distribution Ltd,"237 -239 South Road 
Birmingham
B18 5JS
GBR",14,290
Hoddesdon Distribution Ltd,"44 Watts Grove
Bow
E3 3RE
GBR",12,220
Hoddesdon Distribution Ltd,"5 Solar Way Innova Park
Enfield
EN3 7XY
GBR",5,180
Hoddesdon Distribution Ltd,"84 Toryglen Street
Glasgow
G5 0BH
GBR",6,780
Hoddesdon Distribution Ltd,"Ash Road South Wrexham Ind Estate
Wrexham, Wales
LL13 9UG
GBR",10,415
Hoddesdon Distribution Ltd,"Deeside Industrial Park
Deeside, Flintshire
CH5 2NW
GBR",5,370
Hoddesdon Distribution Ltd,"Do not use staples in PW Langley Park Chalk Lane
Sutton Bridge
PE12 9YF
GBR",24,380
Hoddesdon Distribution Ltd,"Hailey Rd. Business Park
Erith
DA18 4AR
GBR",5,156
Hoddesdon Distribution Ltd,"Melford Road Righead Industrial Estate
Bellshill
ML4  3QD
GBR",11,821
Hoddesdon Distribution Ltd,"South bridge way The Green
Southall
UB2 4AX
GBR",5,168
Hoddesdon Distribution Ltd,"Windmill Lane
Southall
UB2 4NA
GBR",24,290
Shakespeare Transport Ltd,"Caresgate Road South
Inverness
IV3 8LL
GBR",3,241.8
Shakespeare Transport Ltd,"Trading as Quality Foods 49-61 South Road
Southall
UB1 1SQ
GBR",3,98.7
Shakespeare Transport Ltd,"Unit 15 Hallsford Bridge Ind. Est Stondon Road
Ongar
CM5 9RB
GBR",3,123.3
Lenham Storage Co Ltd,"401 Edinburgh Road Newhouse  Motherwell  North Lanarkshire
Motherwell
ML1 5GH
GBR",10,553.95
Lenham Storage Co Ltd,"Murrayfield Road  Braunstone Frith Ind Estate   
Leicester
LE3 1UW
GBR",2,43.45
Lenham Storage Co Ltd,"Popular Way West Cabot park Avonmouth  Bristol
Bristol
BS11 0YW
GBR",6,126.51
Hoddesdon Distribution Ltd,"2 Princess Road  West Sussex
Crawley
RH11 7BJ
GBR",4,170
Hoddesdon Distribution Ltd,"Cob Drive Swan Valley
Northampton
NN4 9BB
GBR",8,270
Hoddesdon Distribution Ltd,"Greencore Prepared Foods Hownsgill Park Consett Co. Durham
DH8 7NU
GBR",16,510
Hoddesdon Distribution Ltd,"HAYDOCK IND EST HAYDOCK
St Helens
WA11 9WD
GBR",6,380
Hoddesdon Distribution Ltd,"London Street Magnum Building
Leicester
LE5 3RL
GBR",5,195
Hoddesdon Distribution Ltd,"Unit 18 Brookfield Property Centre Brookfield Drive
Liverpool
L9 7AS
GBR",5,275
Hoddesdon Distribution Ltd,"Unit 910 River Road
Barking
IG11 ODG
GBR",9.02,230
Shakespeare Transport Ltd,"29A Orchard Street
Western Super Mare
BS23 1RG
GBR",3,126.45
Shakespeare Transport Ltd,"870 Stratford Road
Birmingham
B11 4BS
GBR",3,120.15
Veetee Foods Limited,"Livingstone Road
Andover
SP10 5LA
GBR",48,11448
Lenham Storage Co Ltd,"Andover Business Park Pioneer Road
Andover
SP11 8EZ
GBR",5,124.75
Lenham Storage Co Ltd,"Industrial Estate
Chester-Le-Street
DH2 1AE
GBR",5,278.19
Lenham Storage Co Ltd,"Oliver Road
West Thurrock
RM20 3EN
GBR",6,130.98
Lenham Storage Co Ltd,"Rutherford Drive Park Farm
South Wellingborough
NN8 6AQ
GBR",4,153.1
Lenham Storage Co Ltd,"Unit 2D Central Boulevard Prologis Park    Coventry
Coventry
CV6 4BX
GBR",12,324.24
Lenham Storage Co Ltd,"Unit B Farmwell Lane Castlewood Business Park South Normanton
Alferton
NG17 1JF
GBR",5,220.87
Lenham Storage Co Ltd,"Wincanton Elton Head oad
St Helens
WA9 5AX
GBR",6,261.39
Roche freight Ireland Ltd,"Killamonan Road The Ward Co.Dublin
Co dublin
DublinDublin
IRL",3.66,637.25
Hoddesdon Distribution Ltd,"2 Mandarin Way Pattison Ind. Estate District 15
Washington
NE38 8QA
GBR",22,563
Hoddesdon Distribution Ltd,"Altendiez Way
Burton Latimer
NN15 5YT
GBR",25,320
Hoddesdon Distribution Ltd,"Amotherby Malton
Malton
YO17 6TQ
GBR",3,250
Hoddesdon Distribution Ltd,"Crossways Business Park Galleon Boulevard
Dartford
DA2 6QL
GBR",1,9
Hoddesdon Distribution Ltd,"Crossways Business Park Galleon Boulevard
Dartford
DA2 6QL
GBR",24,207
Hoddesdon Distribution Ltd,"Do not use staples in PW Laburnum Farm Old Leake 
Boston
PE22 9PN
GBR",3,235
Hoddesdon Distribution Ltd,"Earlsgate Park Earls Road   Grangemouth  Stirlingshire
Stirlingshire
FK3 8UZ
GBR",1,40
Hoddesdon Distribution Ltd,"Earlsgate Park Earls Road   Grangemouth  Stirlingshire
Stirlingshire
FK3 8UZ
GBR",19,752
Hoddesdon Distribution Ltd,"K ing St Rudheath (A556/A533)
Northwich
CW9 7WA
GBR",18,426
Hoddesdon Distribution Ltd,"Kings Road
Bridgwater
TA6 4FG
GBR",16,422
Hoddesdon Distribution Ltd,"Magna Park A5 Watling Street
Lutterworth
LE17 4QU
GBR",1,13
Hoddesdon Distribution Ltd,"Magna Park A5 Watling Street
Lutterworth
LE17 4QU
GBR",23,309
Hoddesdon Distribution Ltd,"Newhouse Farm Ind Est
Chepstow
NP6 6UD
GBR",22,392
Hoddesdon Distribution Ltd,"Regional Distribution center 7502 Norman Road Belvedere
Bexley
DA17 6JY
GBR",7,200
Hoddesdon Distribution Ltd,"T/A IqbroUnit 3 C Button End Industrial Estate Button End
Harston
CB22 7GX
GBR",4,140
Hoddesdon Distribution Ltd,"Unit 9 Heston Industrial estate Aerodrome Way Cranford Lane
Heston
TW5 9QB
GBR",12,230
Hoddesdon Distribution Ltd,"Wakefield 41 Ind Est
Wakefield
WF2 0XF
GBR",3,220
Hoddesdon Distribution Ltd,"Wakefield 41 Ind Est
Wakefield
WF2 0XF
GBR",26,440
Shakespeare Transport Ltd,"Unit 2 Cliffe Commercial Park Longyoyd Bridge
Huddersfield
HD1 3JD
GBR",3,120.15
Lenham Storage Co Ltd,"Unit 2D Central Boulevard Prologis Park    Coventry
Coventry
CV6 4BX
GBR",13,346.01
Hoddesdon Distribution Ltd,"49 ramsay street
Rochdale
OL16 2BX
GBR",3.1,290
Hoddesdon Distribution Ltd,"Atlas Wharf Berkshire Road
London
E9 5NB
GBR",13,240
Hoddesdon Distribution Ltd,"c/o DHL Foxhills Ind Est
Scunthorpe
DN159YA
GBR",4,205
Hoddesdon Distribution Ltd,"Davy Close Park Farm Ind Est
Wellingborough
NN8 6XX
GBR",24,330
Hoddesdon Distribution Ltd,"Hailey Rd. Business Park
Erith
DA18 4AR
GBR",9,195
Hoddesdon Distribution Ltd,"Melford Road Righead Industrial Estate
Bellshill
ML4  3QD
GBR",11,880
Hoddesdon Distribution Ltd,"Off Silverdale Road Pump Lane
Hayes
UB3 3BL
GBR",12,255
Hoddesdon Distribution Ltd,"Stonehouse Street Lithorpe
Middlesborough
TS5 6HR
GBR",3.01,330
Hoddesdon Distribution Ltd,"Unit 8 Midland Street Ardwick
Manchester
M12 6LB
GBR",4,225
Hoddesdon Distribution Ltd,"Upper Thomas Street
Aston
Birmingham
B6 5AD
GBR",28,360
Hoddesdon Distribution Ltd,"Windmill Lane
Southall
UB2 4NA
GBR",24,290
Shakespeare Transport Ltd,"2 Brearton Street
Bradford
BD1 3ED
GBR",3,120.15
Shakespeare Transport Ltd,"733 Alum Rock Road
Satley
B8 2NY
GBR",3,120.15
Shakespeare Transport Ltd,"Stonehouse Street Lithorpe
Middlesborough
TS5 6HR
GBR",3.01,123.3
Lenham Storage Co Ltd,"Popular Way West Cabot park Avonmouth  Bristol
Bristol
BS11 0YW
GBR",9,126.51
Hoddesdon Distribution Ltd,"169 Ettingshall Road
Wolverhampton
WV2 2RB
GBR",5,195
Hoddesdon Distribution Ltd,"5 Solar Way Innova Park
Enfield
EN3 7XY
GBR",6,200
Hoddesdon Distribution Ltd,"7 Distribution Center 7500 Skyline Drive
Warrington
WA5 3TP
GBR",1,18
Hoddesdon Distribution Ltd,"7 Distribution Center 7500 Skyline Drive
Warrington
WA5 3TP
GBR",23,416
Hoddesdon Distribution Ltd,"Altendiez Way
Burton Latimer
NN15 5YT
GBR",10,310
Hoddesdon Distribution Ltd,"Ash Road South Wrexham Ind Estate
Wrexham, Wales
LL13 9UG
GBR",9,385
Hoddesdon Distribution Ltd,"Chillpark Brake Clyst Honiton 
Exeter
EX5 2FU
GBR",8,580
Hoddesdon Distribution Ltd,"Crossways Business Park Galleon Boulevard
Dartford
DA2 6QL
GBR",2,9
Hoddesdon Distribution Ltd,"Crossways Business Park Galleon Boulevard
Dartford
DA2 6QL
GBR",23,198
Hoddesdon Distribution Ltd,"Do not use staples in PW Langley Park Chalk Lane
Sutton Bridge
PE12 9YF
GBR",11,380
Hoddesdon Distribution Ltd,"Do not use staples in PW Langley Park Chalk Lane
Sutton Bridge
PE12 9YF
GBR",13,760
Hoddesdon Distribution Ltd,"Fesa 
Clay lake 
Spalding
PE12 6BL
GBR",5,275
Hoddesdon Distribution Ltd,"Foxbridge Way Off Pontefract Road Normanton
Wakefield
WF6 1TN
GBR",1,17
Hoddesdon Distribution Ltd,"Foxbridge Way Off Pontefract Road Normanton
Wakefield
WF6 1TN
GBR",23,380
Hoddesdon Distribution Ltd,"Furnham Rd
Chard
TA20 1AA
GBR",4,265
Hoddesdon Distribution Ltd,"HAYDOCK IND EST HAYDOCK
St Helens
WA11 9WD
GBR",6,380
Hoddesdon Distribution Ltd,"Hilbert House
New Street

Manchester
M40 8AW
GBR",4,225
Hoddesdon Distribution Ltd,"K ing St Rudheath (A556/A533)
Northwich
CW9 7WA
GBR",13,440
Hoddesdon Distribution Ltd,"Kings Road
Bridgwater
TA6 4FG
GBR",9,420
Hoddesdon Distribution Ltd,"Magna Park A5 Watling Street
Lutterworth
LE17 4QU
GBR",24,309
Hoddesdon Distribution Ltd,"Milton Park Milton
Abingdon
OX14 4TF
GBR",1,13
Hoddesdon Distribution Ltd,"Milton Park Milton
Abingdon
OX14 4TF
GBR",24,304
Hoddesdon Distribution Ltd,"Newhouse Farm Ind Est
Chepstow
NP6 6UD
GBR",1,17
Hoddesdon Distribution Ltd,"Newhouse Farm Ind Est
Chepstow
NP6 6UD
GBR",24,411
Hoddesdon Distribution Ltd,"Queensway
Rochdale
OL11 2NU
GBR",8,370
Hoddesdon Distribution Ltd,"Wakefield 41 Ind Est
Wakefield
WF2 0XF
GBR",14,430
Shakespeare Transport Ltd,"Hilbert House
New Street

Manchester
M40 8AW
GBR",3,120.15
Shakespeare Transport Ltd,"Queensway
Rochdale
OL11 2NU
GBR",3,120.15
Shakespeare Transport Ltd,"Unit 12- 13 Valley Road Business ParkValley Road
Keighley
BD21 4LZ
GBR",3,120.15
Shakespeare Transport Ltd,"Unit 1A Norton Park Russie Place
Edinburgh
EH7 5RS
GBR",3,166.65
Shakespeare Transport Ltd,"VIA LEA BRIDGE RD & ARGALL WAY
LEYTON
E10 7AS
GBR",3,173.7
Barron Wood Distribution Ltd,"WimbergerGasse-5
AT-1070Vienna
AUT",12.89,1095
Hoddesdon Distribution Ltd,"1 Coddington Crescent
Motherwell
ML1 4YF
GBR",3,650
Hoddesdon Distribution Ltd,"44 Watts Grove
Bow
E3 3RE
GBR",5,100
Hoddesdon Distribution Ltd,"Earlsgate Park Earls Road   Grangemouth  Stirlingshire
Stirlingshire
FK3 8UZ
GBR",1,38
Hoddesdon Distribution Ltd,"Earlsgate Park Earls Road   Grangemouth  Stirlingshire
Stirlingshire
FK3 8UZ
GBR",23,876
Hoddesdon Distribution Ltd,"Melford Road Righead Industrial Estate
Bellshill
ML4  3QD
GBR",7,970
Hoddesdon Distribution Ltd,"Palmer Avenue Severn Beach 
Bristol
BS35 4GG
GBR",4,340
Hoddesdon Distribution Ltd,"Windmill Lane
Southall
UB2 4NA
GBR",5,186
Lenham Storage Co Ltd,"Andover Business Park Pioneer Road
Andover
SP11 8EZ
GBR",6,149.7
Lenham Storage Co Ltd,"Drum Ind Est Chester-Le-Street
Durham
DH2 1AE
GBR",5,278.19
Lenham Storage Co Ltd,"Oliver Road
West Thurrock
RM20 3EN
GBR",5,174.64
Lenham Storage Co Ltd,"Unit 2D Central Boulevard Prologis Park    Coventry
Coventry
CV6 4BX
GBR",15,385.95
Lenham Storage Co Ltd,"Wincanton Elton Head oad
St Helens
WA9 5AX
GBR",5,234.49
Hoddesdon Distribution Ltd,"Cob Drive Swan Valley
Northampton
NN4 9BB
GBR",22,320
Hoddesdon Distribution Ltd,"Greencore Prepared Foods Hownsgill Park Consett Co. Durham
DH8 7NU
GBR",8,510
Hoddesdon Distribution Ltd,"Penzance Drive Churchward Park
Swindon
SN5 7JF
GBR",6,360
Hoddesdon Distribution Ltd,"Seafield Lane Beoley 
Worcestershire
Redditch 
B98 9DB
GBR",15,330
Hoddesdon Distribution Ltd,"South bridge way The Green
Southall
UB2 4AX
GBR",4,150
Hoddesdon Distribution Ltd,"Waterton Industrial Estate Cowbridge Road 
Bridgend
CF31 3PH
GBR",5,375
Hoddesdon Distribution Ltd,"Windmill Lane
Southall
UB2 4NA
GBR",5,186
Lenham Storage Co Ltd,"Murrayfield Road  Braunstone Frith Ind Estate   
Leicester
LE3 1UW
GBR",3,126.51
Lenham Storage Co Ltd,"Unit 2D Central Boulevard Prologis Park    Coventry
Coventry
CV6 4BX
GBR",12,324.73
Lenham Storage Co Ltd,"Unit B Farmwell Lane Castlewood Business Park South Normanton
Alferton
NG17 1JF
GBR",7,269.44
Roche freight Ireland Ltd,"Killamonan Road The Ward Co.Dublin
Co dublin
DublinDublin
IRL",2.43,504.98
Hoddesdon Distribution Ltd,"7 Distribution Center 7500 Skyline Drive
Warrington
WA5 3TP
GBR",1,18
Hoddesdon Distribution Ltd,"Altendiez Way
Burton Latimer
NN15 5YT
GBR",24.97,308
Hoddesdon Distribution Ltd,"Cob Drive Swan Valley
Northampton
NN4 9BB
GBR",3,200
Hoddesdon Distribution Ltd,"Crossways Business Park Galleon Boulevard
Dartford
DA2 6QL
GBR",25,216
Hoddesdon Distribution Ltd,"K ing St Rudheath (A556/A533)
Northwich
CW9 7WA
GBR",11.97,406
Hoddesdon Distribution Ltd,"Kings Road
Bridgwater
TA6 4FG
GBR",9,420
Hoddesdon Distribution Ltd,"Rockingham Way Redhouse Interchange
Doncaster
DN6 7FB
GBR",2,33
Hoddesdon Distribution Ltd,"Rockingham Way Redhouse Interchange
Doncaster
DN6 7FB
GBR",6,98
Hoddesdon Distribution Ltd,"Rockingham Way Redhouse Interchange
Doncaster
DN6 7FB
GBR",10,163
Hoddesdon Distribution Ltd,"Wakefield 41 Ind Est
Wakefield
WF2 0XF
GBR",23.97,406
Lenham Storage Co Ltd,"401 Edinburgh Road Newhouse  Motherwell  North Lanarkshire
Motherwell
ML1 5GH
GBR",5,371.05
Lenham Storage Co Ltd,"Popular Way West Cabot park Avonmouth  Bristol
Bristol
BS11 0YW
GBR",5,196.26
Hoddesdon Distribution Ltd,"1 Uxbridge Road Hayes
hayes
UB4 0JU
GBR",8,230
Hoddesdon Distribution Ltd,"5 Solar Way Innova Park
Enfield
EN3 7XY
GBR",5,180
Hoddesdon Distribution Ltd,"A Division of Samworth Brothers Limited- Oak Spinney Park Ratby Lane Forest East
Leicester
LE3 3JZ
GBR",1,200
Hoddesdon Distribution Ltd,"Atlas Wharf Berkshire Road
London
E9 5NB
GBR",13,240
Hoddesdon Distribution Ltd,"Axletree Way Wednesbury 
Birmingham
WS10 9QY
GBR",4,300
Hoddesdon Distribution Ltd,"Fishers Way Crabtree Manor Way   Kent
Belvedere
DA17 6BS
GBR",4,160
Hoddesdon Distribution Ltd,"Hailey Rd. Business Park
Erith
DA18 4AR
GBR",11,17
Hoddesdon Distribution Ltd,"Hailey Rd. Business Park
Erith
DA18 4AR
GBR",1,188
Hoddesdon Distribution Ltd,"Melford Road Righead Industrial Estate
Bellshill
ML4  3QD
GBR",9,873
Hoddesdon Distribution Ltd,"Wag Hardwick Grange
Willston
WA1 4RJ
GBR",5,370
Shakespeare Transport Ltd,"109-111 Lozells Road
West Midlands
B19 2TR
GBR",3,120.15
Shakespeare Transport Ltd,"14 Leofric SquareVicragefarm Road
Peterborough
PE1 5TU
GBR",3,120.15
Shakespeare Transport Ltd,"T/A IqbroUnit 3 C Button End Industrial Estate Button End
Harston
CB22 7GX
GBR",2,82.2
Fercam Austria Gmbh,"Schaferhauser Str. 2/2
73240Wendlingen
DEU",25,630
Hoddesdon Distribution Ltd,"2 Mandarin Way Pattison Ind. Estate District 15
Washington
NE38 8QA
GBR",1,27
Hoddesdon Distribution Ltd,"2 Mandarin Way Pattison Ind. Estate District 15
Washington
NE38 8QA
GBR",21,560
Hoddesdon Distribution Ltd,"44 Watts Grove
Bow
E3 3RE
GBR",6,120
Hoddesdon Distribution Ltd,"7 Distribution Center 7500 Skyline Drive
Warrington
WA5 3TP
GBR",1,22
Hoddesdon Distribution Ltd,"7 Distribution Center 7500 Skyline Drive
Warrington
WA5 3TP
GBR",21,380
Hoddesdon Distribution Ltd,"Altendiez Way
Burton Latimer
NN15 5YT
GBR",9,270
Hoddesdon Distribution Ltd,"Ash Road South Wrexham Ind Estate
Wrexham, Wales
LL13 9UG
GBR",14,445
Hoddesdon Distribution Ltd,"c/o DHL Foxhills Ind Est
Scunthorpe
DN159YA
GBR",7,360
Hoddesdon Distribution Ltd,"Chillpark Brake Clyst Honiton 
Exeter
EX5 2FU
GBR",4,500
Hoddesdon Distribution Ltd,"Crossways Business Park Galleon Boulevard
Dartford
DA2 6QL
GBR",1,9
Hoddesdon Distribution Ltd,"Crossways Business Park Galleon Boulevard
Dartford
DA2 6QL
GBR",23,207
Hoddesdon Distribution Ltd,"Earlsgate Park Earls Road   Grangemouth  Stirlingshire
Stirlingshire
FK3 8UZ
GBR",22,891
Hoddesdon Distribution Ltd,"Foxbridge Way Off Pontefract Road Normanton
Wakefield
WF6 1TN
GBR",1,20
Hoddesdon Distribution Ltd,"Foxbridge Way Off Pontefract Road Normanton
Wakefield
WF6 1TN
GBR",22,369
Hoddesdon Distribution Ltd,"Hulme Hall Lane Lord North Street Miles Platting
Manchester
M40 8AD
GBR",4,225
Hoddesdon Distribution Ltd,"K ing St Rudheath (A556/A533)
Northwich
CW9 7WA
GBR",8,338
Hoddesdon Distribution Ltd,"Kings Road
Bridgwater
TA6 4FG
GBR",12,465
Hoddesdon Distribution Ltd,"Magna Park A5 Watling Street
Lutterworth
LE17 4QU
GBR",2,15
Hoddesdon Distribution Ltd,"Magna Park A5 Watling Street
Lutterworth
LE17 4QU
GBR",22,290
Hoddesdon Distribution Ltd,"Milton Park Milton
Abingdon
OX14 4TF
GBR",2,15
Hoddesdon Distribution Ltd,"Milton Park Milton
Abingdon
OX14 4TF
GBR",22,285
Hoddesdon Distribution Ltd,"Newhouse Farm Ind Est
Chepstow
NP6 6UD
GBR",1,19
Hoddesdon Distribution Ltd,"Newhouse Farm Ind Est
Chepstow
NP6 6UD
GBR",21,389
Hoddesdon Distribution Ltd,"Resturant Wholesale London Works Ripple Road
London
IG11 0SY
GBR",6,230
Hoddesdon Distribution Ltd,"Unit 5 A3 Approach Rima House Ripple Road 
Barking
IG11 0RH
GBR",26,260
Hoddesdon Distribution Ltd,"Upper Thomas Street
Aston
Birmingham
B6 5AD
GBR",6,250
Hoddesdon Distribution Ltd,"Wakefield 41 Ind Est
Wakefield
WF2 0XF
GBR",11,394
Hoddesdon Distribution Ltd,"Windmill Lane
Southall
UB2 4NA
GBR",24,290
Shakespeare Transport Ltd,"MOUNT STREET OFF BOWLING BACK LANE
Bradford
BD4 8TA
GBR",3,120.15
Shakespeare Transport Ltd,"Trading as Quality Foods 49-61 South Road
Southall
UB1 1SQ
GBR",3,169.8
Barron Wood Distribution Ltd,"10 Avenue Marcelin Berthelot
F-92390Villeneuve la Garenne
FRA",24,455
Lenham Storage Co Ltd,"Murrayfield Road  Braunstone Frith Ind Estate   
Leicester
LE3 1UW
GBR",2,85.16
Lenham Storage Co Ltd,"Unit 2D Central Boulevard Prologis Park    Coventry
Coventry
CV6 4BX
GBR",27,385.95
Hoddesdon Distribution Ltd,"109-111 Lozells Road
West Midlands
B19 2TR
GBR",6,250
Hoddesdon Distribution Ltd,"44 Watts Grove
Bow
E3 3RE
GBR",5,160
Hoddesdon Distribution Ltd,"Booth Drive Parkfarm Ind. Estate    Wellingborough  Northants
Wellingborough
NN8 6GR
GBR",2,110
Hoddesdon Distribution Ltd,"Fesa 
Clay lake 
Spalding
PE12 6BL
GBR",22,410
Hoddesdon Distribution Ltd,"Melford Road Righead Industrial Estate
Bellshill
ML4  3QD
GBR",11,889
Hoddesdon Distribution Ltd,"Unit 6  Guardian Road Ind. Estate Guardian Road
Norwich
NR5 8PF
GBR",5,255
Lenham Storage Co Ltd,"Drum Ind Est Chester-Le-Street
Durham
DH2 1AE
GBR",6,310.56
Lenham Storage Co Ltd,"Popular Way West Cabot park Avonmouth  Bristol
Bristol
BS11 0YW
GBR",8,218.84
Lenham Storage Co Ltd,"Rutherford Drive Park Farm
South Wellingborough
NN8 6AQ
GBR",3,39.82
Lenham Storage Co Ltd,"Unit 2D Central Boulevard Prologis Park    Coventry
Coventry
CV6 4BX
GBR",8,189.14
Hoddesdon Distribution Ltd,"Cameron Wood  Nettlehill Rd Houston Industrial Estate
LIVINGSTON
EH54 5DL
GBR",5,600
Hoddesdon Distribution Ltd,"Cob Drive Swan Valley
Northampton
NN4 9BB
GBR",6,120
Hoddesdon Distribution Ltd,"Cob Drive Swan Valley
Northampton
NN4 9BB
GBR",10,200
Hoddesdon Distribution Ltd,"Davy Close Park Farm Ind Est
Wellingborough
NN8 6XX
GBR",20,290
Shakespeare Transport Ltd,"Sparkbrook 
Birmingham
B11 1BH
GBR",3,120.15
Hoddesdon Distribution Ltd,"5 Solar Way Innova Park
Enfield
EN3 7XY
GBR",5,180
Hoddesdon Distribution Ltd,"7 Distribution Center 7500 Skyline Drive
Warrington
WA5 3TP
GBR",1,18
Hoddesdon Distribution Ltd,"7 Distribution Center 7500 Skyline Drive
Warrington
WA5 3TP
GBR",22,416
Hoddesdon Distribution Ltd,"Altendiez Way
Burton Latimer
NN15 5YT
GBR",21,292
Hoddesdon Distribution Ltd,"Deeside Industrial Park
Deeside, Flintshire
CH5 2NW
GBR",5,370
Hoddesdon Distribution Ltd,"Earlsgate Park Earls Road   Grangemouth  Stirlingshire
Stirlingshire
FK3 8UZ
GBR",23,876
Hoddesdon Distribution Ltd,"Foxbridge Way Off Pontefract Road Normanton
Wakefield
WF6 1TN
GBR",1,17
Hoddesdon Distribution Ltd,"Foxbridge Way Off Pontefract Road Normanton
Wakefield
WF6 1TN
GBR",23,380
Hoddesdon Distribution Ltd,"K ing St Rudheath (A556/A533)
Northwich
CW9 7WA
GBR",14.97,422
Hoddesdon Distribution Ltd,"Kings Road
Bridgwater
TA6 4FG
GBR",14,443
Hoddesdon Distribution Ltd,"Magna Park A5 Watling Street
Lutterworth
LE17 4QU
GBR",1,13
Hoddesdon Distribution Ltd,"Magna Park A5 Watling Street
Lutterworth
LE17 4QU
GBR",23,296
Hoddesdon Distribution Ltd,"Milton Park Milton
Abingdon
OX14 4TF
GBR",2,13
Hoddesdon Distribution Ltd,"Milton Park Milton
Abingdon
OX14 4TF
GBR",23,291
Hoddesdon Distribution Ltd,"Off Silverdale Road Pump Lane
Hayes
UB3 3BL
GBR",10,255
Hoddesdon Distribution Ltd,"Wakefield 41 Ind Est
Wakefield
WF2 0XF
GBR",12,352
Hoddesdon Distribution Ltd,"Waldrist Way
Erith
DA18 4AG
GBR",2,98
Shakespeare Transport Ltd,"Trading as Quality Foods 49-61 South Road
Southall
UB1 1SQ
GBR",3,148.05
Lenham Storage Co Ltd,"Unit 2D Central Boulevard Prologis Park    Coventry
Coventry
CV6 4BX
GBR",6,108.08
Lenham Storage Co Ltd,"Unit 2D Central Boulevard Prologis Park    Coventry
Coventry
CV6 4BX
GBR",10,189.14
Hoddesdon Distribution Ltd,"2 Cornwall Road
Smethwick

Birmingham
B66 2JR
GBR",21,360
Hoddesdon Distribution Ltd,"2 Princess Road  West Sussex
Crawley
RH11 7BJ
GBR",2.66,170
Hoddesdon Distribution Ltd,"2 Princess Road  West Sussex
Crawley
RH11 7BJ
GBR",1.3,340
Hoddesdon Distribution Ltd,"237 -239 South Road 
Birmingham
B18 5JS
GBR",12,290
Hoddesdon Distribution Ltd,"7 Solar WayInova Park
Enfield
EN3 7XY
GBR",3,135
Hoddesdon Distribution Ltd,"c/o DHL Foxhills Ind Est
Scunthorpe
DN159YA
GBR",4,205
Hoddesdon Distribution Ltd,"Cob Drive Swan Valley
Northampton
NN4 9BB
GBR",10,310
Hoddesdon Distribution Ltd,"Do not use staples in PW Langley Park Chalk Lane
Sutton Bridge
PE12 9YF
GBR",4,380
Hoddesdon Distribution Ltd,"Do not use staples in PW Langley Park Chalk Lane
Sutton Bridge
PE12 9YF
GBR",37,760
Hoddesdon Distribution Ltd,"Fesa 
Clay lake 
Spalding
PE12 6BL
GBR",12,360
Hoddesdon Distribution Ltd,"Fishers Way Crabtree Manor Way  Belvedere Kent
DA17 6BS
GBR",2,140
Hoddesdon Distribution Ltd,"Hailey Rd. Business Park
Erith
DA18 4AR
GBR",2,21
Hoddesdon Distribution Ltd,"Hailey Rd. Business Park
Erith
DA18 4AR
GBR",3,124
Hoddesdon Distribution Ltd,"Hailey Rd. Business Park
Erith
DA18 4AR
GBR",8,163
Hoddesdon Distribution Ltd,"Kings Road
Bridgwater
TA6 4FG
GBR",3,400
Hoddesdon Distribution Ltd,"Melford Road Righead Industrial Estate
Bellshill
ML4  3QD
GBR",6,970
Hoddesdon Distribution Ltd,"T/A IqbroUnit 3 C Button End Industrial Estate Button End
Harston
CB22 7GX
GBR",5,200
Hoddesdon Distribution Ltd,"Windmill Lane
Southall
UB2 4NA
GBR",5,186
Hoddesdon Distribution Ltd,"Windmill Lane
Southall
UB2 4NA
GBR",24,290
Shakespeare Transport Ltd,"Brown Street Globe Works
Accrington
BB5 0RH
GBR",3,120.15
Shakespeare Transport Ltd,"Greenbank Business Park Blakewater Road
Blackburn
BB1 3HU
GBR",3,120.15
Hoddesdon Distribution Ltd,"Furnham Rd
Chard
TA20 1AA
GBR",4,265
Shakespeare Transport Ltd,"Ahmed HouseBelle Vue Avenue
Longsight , Manchester
M12 4AS
GBR",3,120.15
Shakespeare Transport Ltd,"Caresgate Road South
Inverness
IV3 8LL
GBR",4,342.4
Hoddesdon Distribution Ltd,"5 Solar Way Innova Park
Enfield
EN3 7XY
GBR",6,200
Hoddesdon Distribution Ltd,"7 Distribution Center 7500 Skyline Drive
Warrington
WA5 3TP
GBR",1,18
Hoddesdon Distribution Ltd,"7 Distribution Center 7500 Skyline Drive
Warrington
WA5 3TP
GBR",23,416
Hoddesdon Distribution Ltd,"Altendiez Way
Burton Latimer
NN15 5YT
GBR",12,286
Hoddesdon Distribution Ltd,"Ash Road South Wrexham Ind Estate
Wrexham, Wales
LL13 9UG
GBR",12,415
Hoddesdon Distribution Ltd,"Chillpark Brake Clyst Honiton 
Exeter
EX5 2FU
GBR",5,520
Hoddesdon Distribution Ltd,"Crossways Business Park Galleon Boulevard
Dartford
DA2 6QL
GBR",1,9
Hoddesdon Distribution Ltd,"Crossways Business Park Galleon Boulevard
Dartford
DA2 6QL
GBR",2,17
Hoddesdon Distribution Ltd,"Crossways Business Park Galleon Boulevard
Dartford
DA2 6QL
GBR",22,190
Hoddesdon Distribution Ltd,"Do not use staples in PW Langley Park Chalk Lane
Sutton Bridge
PE12 9YF
GBR",24,380
Hoddesdon Distribution Ltd,"Earlsgate Park Earls Road   Grangemouth  Stirlingshire
Stirlingshire
FK3 8UZ
GBR",2,76
Hoddesdon Distribution Ltd,"Earlsgate Park Earls Road   Grangemouth  Stirlingshire
Stirlingshire
FK3 8UZ
GBR",22,838
Hoddesdon Distribution Ltd,"Foxbridge Way Off Pontefract Road Normanton
Wakefield
WF6 1TN
GBR",1,17
Hoddesdon Distribution Ltd,"Foxbridge Way Off Pontefract Road Normanton
Wakefield
WF6 1TN
GBR",23,380
Hoddesdon Distribution Ltd,"K ing St Rudheath (A556/A533)
Northwich
CW9 7WA
GBR",9,396
Hoddesdon Distribution Ltd,"Kings Road
Bridgwater
TA6 4FG
GBR",11,426
Hoddesdon Distribution Ltd,"Magna Park A5 Watling Street
Lutterworth
LE17 4QU
GBR",3,13
Hoddesdon Distribution Ltd,"Magna Park A5 Watling Street
Lutterworth
LE17 4QU
GBR",22,283
Hoddesdon Distribution Ltd,"Melford Road Righead Industrial Estate
Bellshill
ML4  3QD
GBR",7,754
Hoddesdon Distribution Ltd,"Newhouse Farm Ind Est
Chepstow
NP6 6UD
GBR",2,34
Hoddesdon Distribution Ltd,"Newhouse Farm Ind Est
Chepstow
NP6 6UD
GBR",22,377
Hoddesdon Distribution Ltd,"Wag Hardwick Grange
Willston
WA1 4RJ
GBR",5,370
Hoddesdon Distribution Ltd,"Wakefield 41 Ind Est
Wakefield
WF2 0XF
GBR",11,364
Lenham Storage Co Ltd,"Murrayfield Road  Braunstone Frith Ind Estate   
Leicester
LE3 1UW
GBR",4,167.03
Lenham Storage Co Ltd,"Oliver Road
West Thurrock
RM20 3EN
GBR",6,130.98
Lenham Storage Co Ltd,"Rutherford Drive Park Farm
South Wellingborough
NN8 6AQ
GBR",6,199.99
Hoddesdon Distribution Ltd,"169 Ettingshall Road
Wolverhampton
WV2 2RB
GBR",5,195
Hoddesdon Distribution Ltd,"Davy Close Park Farm Ind Est
Wellingborough
NN8 6XX
GBR",22,330
Hoddesdon Distribution Ltd,"Greencore Prepared Foods Hownsgill Park Consett Co. Durham
DH8 7NU
GBR",16,360
Hoddesdon Distribution Ltd,"Kent Street
Preston
PR1 1PT
GBR",7,380
Hoddesdon Distribution Ltd,"Penzance Drive Churchward Park
Swindon
SN5 7JF
GBR",5,295
Hoddesdon Distribution Ltd,"Quality Foods 34- 62 Staines Road Hounslow
Hounslow
TW3 3LZ
GBR",6,205
Shakespeare Transport Ltd,"Ahmed Building Thornbury Road
Bradford
BD3 8HE
GBR",2.93,120.15
Shakespeare Transport Ltd,"Bridgeport Business Park Unit 455 Hastings Road
Leicester
LE5 0BT
GBR",3,120.15
Lenham Storage Co Ltd,"Waitrose National Dist Ctre Atkinson Way
Milton Keynes
MK17 8FF
GBR",1,25.84
Roche freight Ireland Ltd,"Killamonan Road The Ward Co.Dublin
Co dublin
DublinDublin
IRL",1.83,305.24
Hoddesdon Distribution Ltd,"7 Distribution Center 7500 Skyline Drive
Warrington
WA5 3TP
GBR",1,18
Hoddesdon Distribution Ltd,"7 Distribution Center 7500 Skyline Drive
Warrington
WA5 3TP
GBR",22,398
Hoddesdon Distribution Ltd,"Altendiez Way
Burton Latimer
NN15 5YT
GBR",7,233
Hoddesdon Distribution Ltd,"Altendiez Way
Burton Latimer
NN15 5YT
GBR",26,320
Hoddesdon Distribution Ltd,"Altendiez Way
Burton Latimer
NN15 5YT
GBR",3,466
Hoddesdon Distribution Ltd,"c/o DHL Foxhills Ind Est
Scunthorpe
DN159YA
GBR",10,385
Hoddesdon Distribution Ltd,"Crossways Business Park Galleon Boulevard
Dartford
DA2 6QL
GBR",1,9
Hoddesdon Distribution Ltd,"Crossways Business Park Galleon Boulevard
Dartford
DA2 6QL
GBR",23,198
Hoddesdon Distribution Ltd,"Fesa 
Clay lake 
Spalding
PE12 6BL
GBR",5,53
Hoddesdon Distribution Ltd,"Golden House Golden Bus Park Orient Way
Leyton
E10 7FE
GBR",14,240
Hoddesdon Distribution Ltd,"K ing St Rudheath (A556/A533)
Northwich
CW9 7WA
GBR",19,407
Hoddesdon Distribution Ltd,"Kings Road
Bridgwater
TA6 4FG
GBR",13,465
Hoddesdon Distribution Ltd,"Magna Park A5 Watling Street
Lutterworth
LE17 4QU
GBR",3,13
Hoddesdon Distribution Ltd,"Magna Park A5 Watling Street
Lutterworth
LE17 4QU
GBR",22,283
Hoddesdon Distribution Ltd,"Milton Park Milton
Abingdon
OX14 4TF
GBR",3,13
Hoddesdon Distribution Ltd,"Milton Park Milton
Abingdon
OX14 4TF
GBR",22,278
Hoddesdon Distribution Ltd,"Regional Distribution center 7502 Norman Road Belvedere
Bexley
DA17 6JY
GBR",8,290
Hoddesdon Distribution Ltd,"Rockingham Way Redhouse Interchange
Doncaster
DN6 7FB
GBR",4,66
Hoddesdon Distribution Ltd,"Rockingham Way Redhouse Interchange
Doncaster
DN6 7FB
GBR",7,114
Hoddesdon Distribution Ltd,"Rockingham Way Redhouse Interchange
Doncaster
DN6 7FB
GBR",8,131
Hoddesdon Distribution Ltd,"Units 18-19 North Way Walworth Industrial Estate  Andover  Hants
Andover
SP10 5AZ
GBR",2,115
Hoddesdon Distribution Ltd,"Wakefield 41 Ind Est
Wakefield
WF2 0XF
GBR",23,440
Hoddesdon Distribution Ltd,"Windmill Lane
Southall
UB2 4NA
GBR",24,290
Shakespeare Transport Ltd,"Richmond Street
Birmingham
B70 0DD
GBR",3,120.15
Shakespeare Transport Ltd,"Unit 8198 Camford Way
Luton
LU33AN
GBR",3,120.15
Lenham Storage Co Ltd,"401 Edinburgh Road Newhouse  Motherwell  North Lanarkshire
Motherwell
ML1 5GH
GBR",10,553.95
Lenham Storage Co Ltd,"Unit 2D Central Boulevard Prologis Park    Coventry
Coventry
CV6 4BX
GBR",32,506.99
Lenham Storage Co Ltd,"Wincanton Elton Head oad
St Helens
WA9 5AX
GBR",8,300.34
Hoddesdon Distribution Ltd,"Fishers Way Crabtree Manor Way   Kent
Belvedere
DA17 6BS
GBR",3,150
Hoddesdon Distribution Ltd,"Hailey Rd. Business Park
Erith
DA18 4AR
GBR",1,22
Hoddesdon Distribution Ltd,"Hailey Rd. Business Park
Erith
DA18 4AR
GBR",8,173
Hoddesdon Distribution Ltd,"Melford Road Righead Industrial Estate
Bellshill
ML4  3QD
GBR",10.97,970
Hoddesdon Distribution Ltd,"Windmill Lane
Southall
UB2 4NA
GBR",24,290
Shakespeare Transport Ltd,"272-274 Gladstone Street
Peterborough
PE1 2BS
GBR",3,120.15
Shakespeare Transport Ltd,"55-56 St Mary's Road
Southampton
SO14 0BH
GBR",3,151.2
Shakespeare Transport Ltd,"Mr Shabir Ahmed36 Park Road Oldham
Oldham
OL8 1DB
GBR",3,120.15
Shakespeare Transport Ltd,"Trading as Quality Foods 49-61 South Road
Southall
UB1 1SQ
GBR",3,148.05
Shakespeare Transport Ltd,"Unit 5 Riverside Way Uxbridge
WAYUXBRIDGE
UB8 2YF
GBR",2,98.7
Barron Wood Distribution Ltd,"10 Avenue Marcelin Berthelot
F-92390Villeneuve la Garenne
FRA",24,455
Hoddesdon Distribution Ltd,"Dolphin Way Purfleet
Purfleet
RM19 1NZ
GBR",4,145
Hoddesdon Distribution Ltd,"169 Ettingshall Road
Wolverhampton
WV2 2RB
GBR",12,315
Hoddesdon Distribution Ltd,"173 Elswick Street Elswick
Newcastle Upon Tyne
NE4 6SR
GBR",3.02,165
Hoddesdon Distribution Ltd,"19 Mitre Road
Longsight, Manchester
M13 0NU
GBR",3.01,225
Hoddesdon Distribution Ltd,"2 Mandarin Way Pattison Ind. Estate District 15
Washington
NE38 8QA
GBR",2,49
Hoddesdon Distribution Ltd,"2 Mandarin Way Pattison Ind. Estate District 15
Washington
NE38 8QA
GBR",21,517
Hoddesdon Distribution Ltd,"32 Avis Way
New Haven
West Sussex
BN9 0DD
GBR",5,195
Hoddesdon Distribution Ltd,"44 Watts Grove
Bow
E3 3RE
GBR",16,265
Hoddesdon Distribution Ltd,"5 Solar Way Innova Park
Enfield
EN3 7XY
GBR",5,180
Hoddesdon Distribution Ltd,"Altendiez Way
Burton Latimer
NN15 5YT
GBR",6,231
Hoddesdon Distribution Ltd,"Ash Road South Wrexham Ind Estate
Wrexham, Wales
LL13 9UG
GBR",11,415
Hoddesdon Distribution Ltd,"Atlas Wharf Berkshire Road
London
E9 5NB
GBR",26,540
Hoddesdon Distribution Ltd,"Cameron Wood  Nettlehill Rd Houston Industrial Estate
LIVINGSTON
EH54 5DL
GBR",5,600
Hoddesdon Distribution Ltd,"Cob Drive Swan Valley
Northampton
NN4 9BB
GBR",3,200
Hoddesdon Distribution Ltd,"Do not use staples in PW Langley Park Chalk Lane
Sutton Bridge
PE12 9YF
GBR",24,265
Hoddesdon Distribution Ltd,"Do not use staples in PW Langley Park Chalk Lane
Sutton Bridge
PE12 9YF
GBR",24,380
Hoddesdon Distribution Ltd,"Earlsgate Park Earls Road   Grangemouth  Stirlingshire
Stirlingshire
FK3 8UZ
GBR",23,876
Hoddesdon Distribution Ltd,"Foxbridge Way Off Pontefract Road Normanton
Wakefield
WF6 1TN
GBR",1,17
Hoddesdon Distribution Ltd,"Foxbridge Way Off Pontefract Road Normanton
Wakefield
WF6 1TN
GBR",24,364
Hoddesdon Distribution Ltd,"Ivatt WayIvatt Business Park Westwood Industrial Estate
Peterborough
PE3 7PH
GBR",5,200
Hoddesdon Distribution Ltd,"K ing St Rudheath (A556/A533)
Northwich
CW9 7WA
GBR",9,380
Hoddesdon Distribution Ltd,"Kings Road
Bridgwater
TA6 4FG
GBR",11,426
Hoddesdon Distribution Ltd,"Newhouse Farm Ind Est
Chepstow
NP6 6UD
GBR",24,394
Hoddesdon Distribution Ltd,"Unit 910 River Road
Barking
IG11 ODG
GBR",12,240
Hoddesdon Distribution Ltd,"Wag Hardwick Grange
Willston
WA1 4RJ
GBR",5,370
Hoddesdon Distribution Ltd,"Wakefield 41 Ind Est
Wakefield
WF2 0XF
GBR",12,369
Shakespeare Transport Ltd,"Unit 19 Small HeathTrading Estate Armoury Road
Birmingham
B11 2RJ
GBR",3,120.15
Shakespeare Transport Ltd,"UNIT 24 WHOLESALE FRUIT CENTRE 
CARDIFF, Wales
CF11 8BB
GBR",3,126.9
Lenham Storage Co Ltd,"Murrayfield Road  Braunstone Frith Ind Estate   
Leicester
LE3 1UW
GBR",1,43.45
DHL Express Ltd,"3 Avenue de Br?hat Villebon-sur-Yvette 
91140Essonne
FRA",6,695
Hoddesdon Distribution Ltd,"5 Solar Way Innova Park
Enfield
EN3 7XY
GBR",5,180
Hoddesdon Distribution Ltd,"7/9 Blackwater Way
Aldershot
GU12 4DG
GBR",5.03,290
Hoddesdon Distribution Ltd,"Cob Drive Swan Valley
Northampton
NN4 9BB
GBR",5,260
Hoddesdon Distribution Ltd,"Fesa 
Clay lake 
Spalding
PE12 6BL
GBR",20,357
Hoddesdon Distribution Ltd,"Fesa 
Clay lake 
Spalding
PE12 6BL
GBR",24,410
Hoddesdon Distribution Ltd,"Fishers Way Crabtree Manor Way   Kent
Belvedere
DA17 6BS
GBR",5,170
Hoddesdon Distribution Ltd,"Melford Road Righead Industrial Estate
Bellshill
ML4  3QD
GBR",10,808
Hoddesdon Distribution Ltd,"Penzance Drive Churchward Park
Swindon
SN5 7JF
GBR",5,295
Hoddesdon Distribution Ltd,"Seafield Lane Beoley 
Worcestershire
Redditch 
B98 9DB
GBR",15,330
Hoddesdon Distribution Ltd,"Wag Hardwick Grange
Willston
WA1 4RJ
GBR",5,370
Shakespeare Transport Ltd,"Unit 2 Cliffe Commercial Park Longyoyd Bridge
Huddersfield
HD1 3JD
GBR",3,120.15
Lenham Storage Co Ltd,"Oliver Road
West Thurrock
RM20 3EN
GBR",5,105
Lenham Storage Co Ltd,"Unit 2D Central Boulevard Prologis Park    Coventry
Coventry
CV6 4BX
GBR",12,208
Lenham Storage Co Ltd,"Unit B Farmwell Lane Castlewood Business Park South Normanton
Alferton
NG17 1JF
GBR",7,269.44
Hoddesdon Distribution Ltd,"Do not use staples in PW Laburnum Farm Old Leake 
Boston
PE22 9PN
GBR",3,235
Hoddesdon Distribution Ltd,"Resturant Wholesale London Works Ripple Road
London
IG11 0SY
GBR",5,195
Hoddesdon Distribution Ltd,"Unit 15 Hallsford Bridge Ind. Est Stondon Road
Ongar
CM5 9RB
GBR",3,125
Hoddesdon Distribution Ltd,"Unit 5 A3 Approach Rima House Ripple Road 
Barking
IG11 0RH
GBR",13,250
Lenham Storage Co Ltd,"Andover Business Park Pioneer Road
Andover
SP11 8EZ
GBR",5,120
Lenham Storage Co Ltd,"Unit 2D Central Boulevard Prologis Park    Coventry
Coventry
CV6 4BX
GBR",9,208
Roche freight Ireland Ltd,"Killamonan Road The Ward Co.Dublin
Co dublin
DublinDublin
IRL",1.82,114.75
Hoddesdon Distribution Ltd,"7 Distribution Center 7500 Skyline Drive
Warrington
WA5 3TP
GBR",1,18
Hoddesdon Distribution Ltd,"7 Distribution Center 7500 Skyline Drive
Warrington
WA5 3TP
GBR",21,362
Hoddesdon Distribution Ltd,"A Division of Samworth Brothers Limited- Oak Spinney Park Ratby Lane Forest East
Leicester
LE3 3JZ
GBR",3,230
Hoddesdon Distribution Ltd,"Altendiez Way
Burton Latimer
NN15 5YT
GBR",17,286
Hoddesdon Distribution Ltd,"Booth Drive Parkfarm Ind. Estate    Wellingborough  Northants
Wellingborough
NN8 6GR
GBR",2,110
Hoddesdon Distribution Ltd,"c/o DHL Foxhills Ind Est
Scunthorpe
DN159YA
GBR",6,360
Hoddesdon Distribution Ltd,"Cob Drive Swan Valley
Northampton
NN4 9BB
GBR",9,270
Hoddesdon Distribution Ltd,"Crossways Business Park Galleon Boulevard
Dartford
DA2 6QL
GBR",2,17
Hoddesdon Distribution Ltd,"Crossways Business Park Galleon Boulevard
Dartford
DA2 6QL
GBR",22,182
Hoddesdon Distribution Ltd,"Elmshall Drive Dale Lane Industrial Estate
Pontefract
WF9 2RH
GBR",2,125
Hoddesdon Distribution Ltd,"K ing St Rudheath (A556/A533)
Northwich
CW9 7WA
GBR",16,379
Hoddesdon Distribution Ltd,"Kings Road
Bridgwater
TA6 4FG
GBR",7,420
Hoddesdon Distribution Ltd,"Magna Park A5 Watling Street
Lutterworth
LE17 4QU
GBR",1,13
Hoddesdon Distribution Ltd,"Magna Park A5 Watling Street
Lutterworth
LE17 4QU
GBR",23,283
Hoddesdon Distribution Ltd,"Milton Park Milton
Abingdon
OX14 4TF
GBR",1,13
Hoddesdon Distribution Ltd,"Milton Park Milton
Abingdon
OX14 4TF
GBR",3,40
Hoddesdon Distribution Ltd,"Milton Park Milton
Abingdon
OX14 4TF
GBR",20,224
Hoddesdon Distribution Ltd,"Units 18-19 North Way Walworth Industrial Estate  Andover  Hants
Andover
SP10 5AZ
GBR",2,115
Hoddesdon Distribution Ltd,"Wakefield 41 Ind Est
Wakefield
WF2 0XF
GBR",19,380
Hoddesdon Distribution Ltd,"Waldrist Way
Erith
DA18 4AG
GBR",2,98
Lenham Storage Co Ltd,"Popular Way West Cabot park Avonmouth  Bristol
Bristol
BS11 0YW
GBR",5,196.26
Hoddesdon Distribution Ltd,"44 Watts Grove
Bow
E3 3RE
GBR",5,92
Hoddesdon Distribution Ltd,"Atlas Wharf Berkshire Road
London
E9 5NB
GBR",13,240
Hoddesdon Distribution Ltd,"Fishers Way Crabtree Manor Way   Kent
Belvedere
DA17 6BS
GBR",3,150
Hoddesdon Distribution Ltd,"Hailey Rd. Business Park
Erith
DA18 4AR
GBR",1,17
Hoddesdon Distribution Ltd,"Hailey Rd. Business Park
Erith
DA18 4AR
GBR",11,188
Hoddesdon Distribution Ltd,"HAYDOCK IND EST HAYDOCK
St Helens
WA11 9WD
GBR",10,450
Hoddesdon Distribution Ltd,"Melford Road Righead Industrial Estate
Bellshill
ML4  3QD
GBR",9,794
Hoddesdon Distribution Ltd,"South bridge way The Green
Southall
UB2 4AX
GBR",6.25,210
Hoddesdon Distribution Ltd,"Unit 9 Heston Industrial estate Aerodrome Way Cranford Lane
Heston
TW5 9QB
GBR",26,280
Hoddesdon Distribution Ltd,"Unit 910 River Road
Barking
IG11 ODG
GBR",5,195
Shakespeare Transport Ltd,"732 Oxford Road Reading Berkshire RG30 1EL
Reading
RG30 1EL
GBR",2,84.3
Shakespeare Transport Ltd,"84 Toryglen Street
Glasgow
G5 0BH
GBR",6,333.3
Shakespeare Transport Ltd,"Unit1 Dewsbury Road
Stoke on Trent
ST4 2HS
GBR",3,120.15
Hoddesdon Distribution Ltd,"3 Wollaston CrescentBurnt Mills Industrial Este
Basildon
SS13 1QD
GBR",3,140
Hoddesdon Distribution Ltd,"5 Solar Way Innova Park
Enfield
EN3 7XY
GBR",6,200
Hoddesdon Distribution Ltd,"7 Distribution Center 7500 Skyline Drive
Warrington
WA5 3TP
GBR",2,18
Hoddesdon Distribution Ltd,"7 Distribution Center 7500 Skyline Drive
Warrington
WA5 3TP
GBR",18,325
Hoddesdon Distribution Ltd,"Altendiez Way
Burton Latimer
NN15 5YT
GBR",18,303
Hoddesdon Distribution Ltd,"Ash Road South Wrexham Industrial Estate  Clwyd  Wrexham
Wrexham, Wales
LL13 9UG
GBR",9,385
Hoddesdon Distribution Ltd,"c/o DHL Foxhills Ind Est
Scunthorpe
DN159YA
GBR",6,360
Hoddesdon Distribution Ltd,"Cob Drive Swan Valley
Northampton
NN4 9BB
GBR",2,190
Hoddesdon Distribution Ltd,"Crossways Business Park Galleon Boulevard
Dartford
DA2 6QL
GBR",2,26
Hoddesdon Distribution Ltd,"Crossways Business Park Galleon Boulevard
Dartford
DA2 6QL
GBR",21,190
Hoddesdon Distribution Ltd,"Do not use staples in PW Langley Park Chalk Lane
Sutton Bridge
PE12 9YF
GBR",24,380
Hoddesdon Distribution Ltd,"Earlsgate Park Earls Road   Grangemouth  Stirlingshire
Stirlingshire
FK3 8UZ
GBR",2,38
Hoddesdon Distribution Ltd,"Earlsgate Park Earls Road   Grangemouth  Stirlingshire
Stirlingshire
FK3 8UZ
GBR",19,724
Hoddesdon Distribution Ltd,"Foxbridge Way Off Pontefract Road Normanton
Wakefield
WF6 1TN
GBR",1,16
Hoddesdon Distribution Ltd,"Foxbridge Way Off Pontefract Road Normanton
Wakefield
WF6 1TN
GBR",22,364
Hoddesdon Distribution Ltd,"K ing St Rudheath (A556/A533)
Northwich
CW9 7WA
GBR",6,326
Hoddesdon Distribution Ltd,"Kings Road
Bridgwater
TA6 4FG
GBR",12,429
Hoddesdon Distribution Ltd,"Magna Park A5 Watling Street
Lutterworth
LE17 4QU
GBR",1,13
Hoddesdon Distribution Ltd,"Magna Park A5 Watling Street
Lutterworth
LE17 4QU
GBR",2,26
Hoddesdon Distribution Ltd,"Magna Park A5 Watling Street
Lutterworth
LE17 4QU
GBR",18,232
Hoddesdon Distribution Ltd,"Milton Park Milton
Abingdon
OX14 4TF
GBR",1,13
Hoddesdon Distribution Ltd,"Milton Park Milton
Abingdon
OX14 4TF
GBR",2,25
Hoddesdon Distribution Ltd,"Milton Park Milton
Abingdon
OX14 4TF
GBR",4,51
Hoddesdon Distribution Ltd,"Milton Park Milton
Abingdon
OX14 4TF
GBR",14,178
Hoddesdon Distribution Ltd,"Newhouse Farm Ind Est
Chepstow
NP6 6UD
GBR",2,17
Hoddesdon Distribution Ltd,"Newhouse Farm Ind Est
Chepstow
NP6 6UD
GBR",22,377
Hoddesdon Distribution Ltd,"Penzance Drive Churchward Park
Swindon
SN5 7JF
GBR",5,295
Hoddesdon Distribution Ltd,"Regional Distribution center 7502 Norman Road Belvedere
Bexley
DA17 6JY
GBR",12,220
Hoddesdon Distribution Ltd,"Rockingham Way Redhouse Interchange
Doncaster
DN6 7FB
GBR",10,415
Hoddesdon Distribution Ltd,"Wag Hardwick Grange
Willston
WA1 4RJ
GBR",6,380
Hoddesdon Distribution Ltd,"Wakefield 41 Ind Est
Wakefield
WF2 0XF
GBR",14,385
Shakespeare Transport Ltd,"203 Dunstable Road
Luton
LU1 100
GBR",3,120.15
Shakespeare Transport Ltd,"Trading as Quality Foods 49-61 South Road
Southall
UB1 1SQ
GBR",3,148.05
Lenham Storage Co Ltd,"Murrayfield Road  Braunstone Frith Ind Estate   
Leicester
LE3 1UW
GBR",6,218.84
Lenham Storage Co Ltd,"Unit 2D Central Boulevard Prologis Park    Coventry
Coventry
CV6 4BX
GBR",10,224.94
Hoddesdon Distribution Ltd,"Fesa 
Clay lake 
Spalding
PE12 6BL
GBR",16,328
Hoddesdon Distribution Ltd,"Manchester Superstore 
Florence St
Bradford
BD3 8EX
GBR",4,225
Hoddesdon Distribution Ltd,"Melford Road Righead Industrial Estate
Bellshill
ML4  3QD
GBR",13,895
Hoddesdon Distribution Ltd,"Windmill Lane
Southall
UB2 4NA
GBR",24,290
Shakespeare Transport Ltd,"VIA LEA BRIDGE RD & ARGALL WAY
LEYTON
E10 7AS
GBR",3,173.7
Lenham Storage Co Ltd,"Unit 2D Central Boulevard Prologis Park    Coventry
Coventry
CV6 4BX
GBR",14,337.4
Hoddesdon Distribution Ltd,"76 Canterbury Road Croydon
Croydon
CR0 3HA
GBR",6,240
Hoddesdon Distribution Ltd,"Amotherby Malton
Malton
YO17 6TQ
GBR",1,210
Hoddesdon Distribution Ltd,"Davy Close Park Farm Ind Est
Wellingborough
NN8 6XX
GBR",21,290
Hoddesdon Distribution Ltd,"Fesa 
Clay lake 
Spalding
PE12 6BL
GBR",4,82
Hoddesdon Distribution Ltd,"Golden House Golden Bus Park Orient Way
Leyton
E10 7FE
GBR",12,220
Hoddesdon Distribution Ltd,"Unit 12- 13 Valley Road Business ParkValley Road
Keighley
BD21 4LZ
GBR",5,245
Hoddesdon Distribution Ltd,"Waterton Industrial Estate Cowbridge Road 
Bridgend
CF31 3PH
GBR",5,345
Shakespeare Transport Ltd,"Unit 15 Hallsford Bridge Ind. Est Stondon Road
Ongar
CM5 9RB
GBR",3,123.3
Roche freight Ireland Ltd,"Killamonan Road The Ward Co.Dublin
Co dublin
DublinDublin
IRL",2.43,406.98
Hoddesdon Distribution Ltd,"169 Ettingshall Road
Wolverhampton
WV2 2RB
GBR",10,315
Hoddesdon Distribution Ltd,"2 Mandarin Way Pattison Ind. Estate District 15
Washington
NE38 8QA
GBR",21,517
Hoddesdon Distribution Ltd,"44 Watts Grove
Bow
E3 3RE
GBR",7,128
Hoddesdon Distribution Ltd,"7 Distribution Center 7500 Skyline Drive
Warrington
WA5 3TP
GBR",25,452
Hoddesdon Distribution Ltd,"Crossways Business Park Galleon Boulevard
Dartford
DA2 6QL
GBR",2,9
Hoddesdon Distribution Ltd,"Crossways Business Park Galleon Boulevard
Dartford
DA2 6QL
GBR",22,190
Hoddesdon Distribution Ltd,"Crossways Business Park Galleon Boulevard
Dartford
DA2 6QL
GBR",24,207
Hoddesdon Distribution Ltd,"Deeside Industrial Park
Deeside, Flintshire
CH5 2NW
GBR",5,370
Hoddesdon Distribution Ltd,"Earlsgate Park Earls Road   Grangemouth  Stirlingshire
Stirlingshire
FK3 8UZ
GBR",23,876
Hoddesdon Distribution Ltd,"Foxbridge Way Off Pontefract Road Normanton
Wakefield
WF6 1TN
GBR",1,17
Hoddesdon Distribution Ltd,"Foxbridge Way Off Pontefract Road Normanton
Wakefield
WF6 1TN
GBR",21,347
Hoddesdon Distribution Ltd,"Kings Road
Bridgwater
TA6 4FG
GBR",12,429
Hoddesdon Distribution Ltd,"Livingstone Road
Andover
SP10 5LA
GBR",3,159
Hoddesdon Distribution Ltd,"Magna Park A5 Watling Street
Lutterworth
LE17 4QU
GBR",1,13
Hoddesdon Distribution Ltd,"Magna Park A5 Watling Street
Lutterworth
LE17 4QU
GBR",2,26
Hoddesdon Distribution Ltd,"Magna Park A5 Watling Street
Lutterworth
LE17 4QU
GBR",21,270
Hoddesdon Distribution Ltd,"Milton Park Milton
Abingdon
OX14 4TF
GBR",1,13
Hoddesdon Distribution Ltd,"Milton Park Milton
Abingdon
OX14 4TF
GBR",2,25
Hoddesdon Distribution Ltd,"Milton Park Milton
Abingdon
OX14 4TF
GBR",23,292
Hoddesdon Distribution Ltd,"Newhouse Farm Ind Est
Chepstow
NP6 6UD
GBR",1,17
Hoddesdon Distribution Ltd,"Newhouse Farm Ind Est
Chepstow
NP6 6UD
GBR",23,394
Hoddesdon Distribution Ltd,"Rockingham Way Redhouse Interchange
Doncaster
DN6 7FB
GBR",2,32
Hoddesdon Distribution Ltd,"Rockingham Way Redhouse Interchange
Doncaster
DN6 7FB
GBR",6,98
Hoddesdon Distribution Ltd,"Rockingham Way Redhouse Interchange
Doncaster
DN6 7FB
GBR",10,163
Shakespeare Transport Ltd,"75-83 Oldham Road
Ashton Under Lyne
OL6 7DF
GBR",2.86,120.15
Shakespeare Transport Ltd,"Stonehouse Street Lithorpe
Middlesborough
TS5 6HR
GBR",1.5,123.3
Shakespeare Transport Ltd,"Stonehouse Street Lithorpe
Middlesborough
TS5 6HR
GBR",1.5,246.6
Hoddesdon Distribution Ltd,"5 Solar Way Innova Park
Enfield
EN3 7XY
GBR",5,180
Hoddesdon Distribution Ltd,"Altendiez Way
Burton Latimer
NN15 5YT
GBR",9,254
Hoddesdon Distribution Ltd,"Altendiez Way
Burton Latimer
NN15 5YT
GBR",26,320
Hoddesdon Distribution Ltd,"Greencore Prepared Foods Hownsgill Park Consett Co. Durham
DH8 7NU
GBR",4,380
Hoddesdon Distribution Ltd,"Hailey Rd. Business Park
Erith
DA18 4AR
GBR",1,15
Hoddesdon Distribution Ltd,"Hailey Rd. Business Park
Erith
DA18 4AR
GBR",13,200
Hoddesdon Distribution Ltd,"K ing St Rudheath (A556/A533)
Northwich
CW9 7WA
GBR",20,391
Hoddesdon Distribution Ltd,"Melford Road Righead Industrial Estate
Bellshill
ML4  3QD
GBR",10,882
Hoddesdon Distribution Ltd,"Off Silverdale Road Pump Lane
Hayes
UB3 3BL
GBR",6,230
Hoddesdon Distribution Ltd,"Upper Thomas Street
Aston
Birmingham
B6 5AD
GBR",12,290
Hoddesdon Distribution Ltd,"Wakefield 41 Ind Est
Wakefield
WF2 0XF
GBR",26,440
Lenham Storage Co Ltd,"401 Edinburgh Road Newhouse  Motherwell  North Lanarkshire
Motherwell
ML1 5GH
GBR",6,415.02
Lenham Storage Co Ltd,"Unit 2D Central Boulevard Prologis Park    Coventry
Coventry
CV6 4BX
GBR",11,168.7
Hoddesdon Distribution Ltd,"109-111 Lozells Road
West Midlands
B19 2TR
GBR",3.25,250
Hoddesdon Distribution Ltd,"109-111 Lozells Road
West Midlands
B19 2TR
GBR",3.7,500
Hoddesdon Distribution Ltd,"460-462 London Road
Croydon
CR0 2SS
GBR",3.92,160
Hoddesdon Distribution Ltd,"7 Distribution Center 7500 Skyline Drive
Warrington
WA5 3TP
GBR",25,470
Hoddesdon Distribution Ltd,"94-96 Cromer Street
Kings Cross
WC1H 8DD
GBR",4.93,250
Hoddesdon Distribution Ltd,"Altendiez Way
Burton Latimer
NN15 5YT
GBR",7,270
Hoddesdon Distribution Ltd,"Ash Road South Wrexham Ind Estate
Wrexham, Wales
LL13 9UG
GBR",13,445
Hoddesdon Distribution Ltd,"Crossways Business Park Galleon Boulevard
Dartford
DA2 6QL
GBR",1,9
Hoddesdon Distribution Ltd,"Crossways Business Park Galleon Boulevard
Dartford
DA2 6QL
GBR",23,207
Hoddesdon Distribution Ltd,"Davy Close Park Farm Ind Est
Wellingborough
NN8 6XX
GBR",14,270
Hoddesdon Distribution Ltd,"Davy Close Park Farm Ind Est
Wellingborough
NN8 6XX
GBR",17,310
Hoddesdon Distribution Ltd,"Davy Close Park Farm Ind Est
Wellingborough
NN8 6XX
GBR",24,330
Hoddesdon Distribution Ltd,"Do not use staples in PW Langley Park Chalk Lane
Sutton Bridge
PE12 9YF
GBR",24,380
Hoddesdon Distribution Ltd,"Foxbridge Way Off Pontefract Road Normanton
Wakefield
WF6 1TN
GBR",25,430
Hoddesdon Distribution Ltd,"Furnham Rd
Chard
TA20 1AA
GBR",7,395
Hoddesdon Distribution Ltd,"K ing St Rudheath (A556/A533)
Northwich
CW9 7WA
GBR",8,380
Hoddesdon Distribution Ltd,"Kings Road
Bridgwater
TA6 4FG
GBR",8,420
Hoddesdon Distribution Ltd,"Magna Park A5 Watling Street
Lutterworth
LE17 4QU
GBR",2,13
Hoddesdon Distribution Ltd,"Magna Park A5 Watling Street
Lutterworth
LE17 4QU
GBR",23,309
Hoddesdon Distribution Ltd,"Melford Road Righead Industrial Estate
Bellshill
ML4  3QD
GBR",9,970
Hoddesdon Distribution Ltd,"Milton Park Milton
Abingdon
OX14 4TF
GBR",1,13
Hoddesdon Distribution Ltd,"Milton Park Milton
Abingdon
OX14 4TF
GBR",2,25
Hoddesdon Distribution Ltd,"Milton Park Milton
Abingdon
OX14 4TF
GBR",23,292
Hoddesdon Distribution Ltd,"Newhouse Farm Ind Est
Chepstow
NP6 6UD
GBR",25,445
Hoddesdon Distribution Ltd,"T/A IqbroUnit 3 C Button End Industrial Estate Button End
Harston
CB22 7GX
GBR",4,170
Hoddesdon Distribution Ltd,"Unit 6  Guardian Road Ind. Estate Guardian Road
Norwich
NR5 8PF
GBR",5,255
Hoddesdon Distribution Ltd,"Wakefield 41 Ind Est
Wakefield
WF2 0XF
GBR",13,430
Shakespeare Transport Ltd,"2 Princess Road  West Sussex
Crawley
RH11 7BJ
GBR",3,141.9
Lenham Storage Co Ltd,"Murrayfield Road  Braunstone Frith Ind Estate   
Leicester
LE3 1UW
GBR",2,85.16
Lenham Storage Co Ltd,"Unit 2D Central Boulevard Prologis Park    Coventry
Coventry
CV6 4BX
GBR",12,324.24
Lenham Storage Co Ltd,"Wincanton Elton Head oad
St Helens
WA9 5AX
GBR",6,261.39
Hoddesdon Distribution Ltd,"c/o DHL Foxhills Ind Est
Scunthorpe
DN159YA
GBR",15,430
Hoddesdon Distribution Ltd,"Cob Drive Swan Valley
Northampton
NN4 9BB
GBR",26,320
Hoddesdon Distribution Ltd,"Earlsgate Park Earls Road   Grangemouth  Stirlingshire
Stirlingshire
FK3 8UZ
GBR",1,41
Hoddesdon Distribution Ltd,"Earlsgate Park Earls Road   Grangemouth  Stirlingshire
Stirlingshire
FK3 8UZ
GBR",23,949
Hoddesdon Distribution Ltd,"Penzance Drive Churchward Park
Swindon
SN5 7JF
GBR",5,295
Hoddesdon Distribution Ltd,"Unit 1553 Lewisher Road
Leicester
LE4 9LR
GBR",10,290
Shakespeare Transport Ltd,"125 River Road
Barking
IG11 0EG
GBR",2,96.6
Shakespeare Transport Ltd,"675A Mitcham Road
Croydon
CR0 3AF
GBR",2,96.6
Shakespeare Transport Ltd,"Dhamecha C & C 2 Fordmil Road Catford
Lewisham
SE6 3JH
GBR",2,115.8
Shakespeare Transport Ltd,"Dhamecha C & C 243 Blyth Road
Hayes
UB3 1RY
GBR",2,98.7
Shakespeare Transport Ltd,"Dhamecha Cash & Carry 101 Cobden Street
Leicester
LE1 2LB
GBR",2,80.1
Shakespeare Transport Ltd,"Imperial Way
Watford
WD24 4UA
GBR",1,45.2
Shakespeare Transport Ltd,"Steel Bright Road Off Rabone Lane Smethwick
Birmingham
B66 2NW
GBR",2,80.1
Shakespeare Transport Ltd,"Unit 1 Cape Hill Retail Centre Smethwick
Brimingham
B66 4PH
GBR",1.59,120.15
Shakespeare Transport Ltd,"Unit 1 Cape Hill Retail Centre Smethwick
Brimingham
B66 4PH
GBR",1.4,240.3
Shakespeare Transport Ltd,"Wembley Stadium Industrial Estate First Way
Wembley
HA9 0TU
GBR",2,96.6
Lenham Storage Co Ltd,"Andover Business Park Pioneer Road
Andover
SP11 8EZ
GBR",5,179.89
Lenham Storage Co Ltd,"Oliver Road
West Thurrock
RM20 3EN
GBR",5,109.15
Lenham Storage Co Ltd,"Popular Way West Cabot park Avonmouth  Bristol
Bristol
BS11 0YW
GBR",5,196.26
Lenham Storage Co Ltd,"Rutherford Drive Park Farm
South Wellingborough
NN8 6AQ
GBR",6,199.99
Fercam Austria Gmbh,"Schaferhauser Str. 2/2
73240Wendlingen
DEU",25,630
Hoddesdon Distribution Ltd,"169 Ettingshall Road
Wolverhampton
WV2 2RB
GBR",16,360
Hoddesdon Distribution Ltd,"Cameron Wood  Nettlehill Rd Houston Industrial Estate
LIVINGSTON
EH54 5DL
GBR",5,600
Hoddesdon Distribution Ltd,"Davy Close Park Farm Ind Est
Wellingborough
NN8 6XX
GBR",14,310
Hoddesdon Distribution Ltd,"Do not use staples in PW Laburnum Farm Old Leake 
Boston
PE22 9PN
GBR",3,235
Hoddesdon Distribution Ltd,"Queensway
Rochdale
OL11 2NU
GBR",8,390
Hoddesdon Distribution Ltd,"Windmill Lane
Southall
UB2 4NA
GBR",5,186
Roche freight Ireland Ltd,"Killamonan Road The Ward Co.Dublin
Co dublin
DublinDublin
IRL",2.44,406.98
Salvatori Medway Ltd,"Greencore Prepared Foods Hownsgill Park Consett Co. Durham
DH8 7NU
GBR",8,382
Hoddesdon Distribution Ltd,"109-111 Lozells Road
West Midlands
B19 2TR
GBR",3,65
Hoddesdon Distribution Ltd,"109-111 Lozells Road
West Midlands
B19 2TR
GBR",12,260
Hoddesdon Distribution Ltd,"2 Mandarin Way Pattison Ind. Estate District 15
Washington
NE38 8QA
GBR",1,34
Hoddesdon Distribution Ltd,"2 Mandarin Way Pattison Ind. Estate District 15
Washington
NE38 8QA
GBR",19,606
Hoddesdon Distribution Ltd,"7 Distribution Center 7500 Skyline Drive
Warrington
WA5 3TP
GBR",1,24
Hoddesdon Distribution Ltd,"7 Distribution Center 7500 Skyline Drive
Warrington
WA5 3TP
GBR",19,422
Hoddesdon Distribution Ltd,"7 Distribution Center 7500 Skyline Drive
Warrington
WA5 3TP
GBR",25,470
Hoddesdon Distribution Ltd,"7 Solar WayInova Park
Enfield
EN3 7XY
GBR",3,135
Hoddesdon Distribution Ltd,"Ahmed HouseBelle Vue Avenue
Longsight , Manchester
M12 4AS
GBR",5,275
Hoddesdon Distribution Ltd,"Crossways Business Park Galleon Boulevard
Dartford
DA2 6QL
GBR",1,9
Hoddesdon Distribution Ltd,"Crossways Business Park Galleon Boulevard
Dartford
DA2 6QL
GBR",24,216
Hoddesdon Distribution Ltd,"Greencore Prepared Foods Hownsgill Park Consett Co. Durham
Co Durahm
DH8 7NU
GBR",10,540
Hoddesdon Distribution Ltd,"Kings Road
Bridgwater
TA6 4FG
GBR",16,422
Hoddesdon Distribution Ltd,"Magna Park A5 Watling Street
Lutterworth
LE17 4QU
GBR",2,15
Hoddesdon Distribution Ltd,"Magna Park A5 Watling Street
Lutterworth
LE17 4QU
GBR",21,305
Hoddesdon Distribution Ltd,"Newhouse Farm Ind Est
Chepstow
NP6 6UD
GBR",1,19
Hoddesdon Distribution Ltd,"Newhouse Farm Ind Est
Chepstow
NP6 6UD
GBR",21,407
Hoddesdon Distribution Ltd,"Rockingham Way Redhouse Interchange
Doncaster
DN6 7FB
GBR",3,49
Hoddesdon Distribution Ltd,"Rockingham Way Redhouse Interchange
Doncaster
DN6 7FB
GBR",5,82
Hoddesdon Distribution Ltd,"Rockingham Way Redhouse Interchange
Doncaster
DN6 7FB
GBR",13,212
Hoddesdon Distribution Ltd,"Unit8 Anchor Business Park Featherstall Road North
Oldham
OL9 6AZ
GBR",5,275
Hoddesdon Distribution Ltd,"Wag Hardwick Grange
Willston
WA1 4RJ
GBR",5,370
Hoddesdon Distribution Ltd,"Wakefield 41 Ind Est
Wakefield
WF2 0XF
GBR",26,440
Shakespeare Transport Ltd,"Ivatt WayIvatt Business Park Westwood Industrial Estate
Peterborough
PE3 7PH
GBR",3,120.15
Lenham Storage Co Ltd,"Unit 2D Central Boulevard Prologis Park    Coventry
Coventry
CV6 4BX
GBR",12,189.14
Hoddesdon Distribution Ltd,"5 Rima House, A13 Approach, Ripple Road, 					
					

Barking
IG11 0RH
GBR",26,260
Hoddesdon Distribution Ltd,"5 Solar Way Innova Park
Enfield
EN3 7XY
GBR",5,180
Hoddesdon Distribution Ltd,"5 Solar Way Innova Park
Enfield
EN3 7XY
GBR",9,200
Hoddesdon Distribution Ltd,"Altendiez Way
Burton Latimer
NN15 5YT
GBR",26,320
Hoddesdon Distribution Ltd,"Atlas Wharf Berkshire Road
London
E9 5NB
GBR",13,240
Hoddesdon Distribution Ltd,"Cob Drive Swan Valley
Northampton
NN4 9BB
GBR",1,66
Hoddesdon Distribution Ltd,"Earlsgate Park Earls Road   Grangemouth  Stirlingshire
Stirlingshire
FK3 8UZ
GBR",24,990
Hoddesdon Distribution Ltd,"Golden House Golden Bus Park Orient Way
Leyton
E10 7FE
GBR",9,205
Hoddesdon Distribution Ltd,"Hailey Rd. Business Park
Erith
DA18 4AR
GBR",1,15
Hoddesdon Distribution Ltd,"Hailey Rd. Business Park
Erith
DA18 4AR
GBR",13,200
Hoddesdon Distribution Ltd,"HAYDOCK IND EST HAYDOCK
St Helens
WA11 9WD
GBR",27,960
Hoddesdon Distribution Ltd,"K ing St Rudheath (A556/A533)
Northwich
CW9 7WA
GBR",13,390
Hoddesdon Distribution Ltd,"Melford Road Righead Industrial Estate
Bellshill
ML4  3QD
GBR",11,821
Hoddesdon Distribution Ltd,"Penzance Drive Churchward Park
Swindon
SN5 7JF
GBR",5,295
Hoddesdon Distribution Ltd,"Queensway
Rochdale
OL11 2NU
GBR",3.92,240
Hoddesdon Distribution Ltd,"Unit 6  Guardian Road Ind. Estate Guardian Road
Norwich
NR5 8PF
GBR",5,255
Hoddesdon Distribution Ltd,"2 Mandarin Way Pattison Ind. Estate District 15
Washington
NE38 8QA
GBR",1,36
Hoddesdon Distribution Ltd,"2 Mandarin Way Pattison Ind. Estate District 15
Washington
NE38 8QA
GBR",17,604
Hoddesdon Distribution Ltd,"7 Distribution Center 7500 Skyline Drive
Warrington
WA5 3TP
GBR",2,19
Hoddesdon Distribution Ltd,"7 Distribution Center 7500 Skyline Drive
Warrington
WA5 3TP
GBR",22,413
Hoddesdon Distribution Ltd,"Altendiez Way
Burton Latimer
NN15 5YT
GBR",26,320
Hoddesdon Distribution Ltd,"Ash Road South Wrexham Ind Estate
Wrexham, Wales
LL13 9UG
GBR",14,445
Hoddesdon Distribution Ltd,"Cob Drive Swan Valley
Northampton
NN4 9BB
GBR",2,134
Hoddesdon Distribution Ltd,"Cob Drive Swan Valley
Northampton
NN4 9BB
GBR",15,320
Hoddesdon Distribution Ltd,"Crossways Business Park Galleon Boulevard
Dartford
DA2 6QL
GBR",2,10
Hoddesdon Distribution Ltd,"Crossways Business Park Galleon Boulevard
Dartford
DA2 6QL
GBR",21,205
Hoddesdon Distribution Ltd,"Crossways Business Park Galleon Boulevard
Dartford
DA2 6QL
GBR",25,225
Hoddesdon Distribution Ltd,"Crossways Business Park Galleon Boulevard
Dartford
DA2 6QL
GBR",1,370
Hoddesdon Distribution Ltd,"Do not use staples in PW Langley Park Chalk Lane
Sutton Bridge
PE12 9YF
GBR",24,380
Hoddesdon Distribution Ltd,"Earlsgate Park Earls Road   Grangemouth  Stirlingshire
Stirlingshire
FK3 8UZ
GBR",1,43
Hoddesdon Distribution Ltd,"Earlsgate Park Earls Road   Grangemouth  Stirlingshire
Stirlingshire
FK3 8UZ
GBR",21,904
Hoddesdon Distribution Ltd,"Foxbridge Way Off Pontefract Road Normanton
Wakefield
WF6 1TN
GBR",1,20
Hoddesdon Distribution Ltd,"Foxbridge Way Off Pontefract Road Normanton
Wakefield
WF6 1TN
GBR",18,370
Hoddesdon Distribution Ltd,"K ing St Rudheath (A556/A533)
Northwich
CW9 7WA
GBR",21,394
Hoddesdon Distribution Ltd,"Kings Road
Bridgwater
TA6 4FG
GBR",26,475
Hoddesdon Distribution Ltd,"Magna Park A5 Watling Street
Lutterworth
LE17 4QU
GBR",1,16
Hoddesdon Distribution Ltd,"Magna Park A5 Watling Street
Lutterworth
LE17 4QU
GBR",2,30
Hoddesdon Distribution Ltd,"Magna Park A5 Watling Street
Lutterworth
LE17 4QU
GBR",19,289
Hoddesdon Distribution Ltd,"Milton Park Milton
Abingdon
OX14 4TF
GBR",3,40
Hoddesdon Distribution Ltd,"Milton Park Milton
Abingdon
OX14 4TF
GBR",22,290
Hoddesdon Distribution Ltd,"Newhouse Farm Ind Est
Chepstow
NP6 6UD
GBR",22,426
Hoddesdon Distribution Ltd,"Regional Distribution center 7502 Norman Road Belvedere
Bexley
DA17 6JY
GBR",16,225
Hoddesdon Distribution Ltd,"Wakefield 41 Ind Est
Wakefield
WF2 0XF
GBR",10,293
Hoddesdon Distribution Ltd,"Wakefield 41 Ind Est
Wakefield
WF2 0XF
GBR",26,440
Lenham Storage Co Ltd,"Unit 2D Central Boulevard Prologis Park    Coventry
Coventry
CV6 4BX
GBR",21,455.15
Lenham Storage Co Ltd,"Unit B Farmwell Lane Castlewood Business Park South Normanton
Alferton
NG17 1JF
GBR",5,220.87
DHL Express Ltd,"Pour Costco France Parc du Hode Num Portuaire 552 Saint Vigor D'Ymonville 
76430Essonne
FRA",2,750
DHL Express Ltd,"Pour Costco France Parc du Hode Num Portuaire 552 Saint Vigor D'Ymonville 
76430Essonne
FRA",11,1500
Fercam Austria Gmbh,"Auer Str.19
89257Illertissen
DEU",11,651.24
Fercam Austria Gmbh,"Auer Str.19
89257Illertissen
DEU",11,720
Hoddesdon Distribution Ltd,"FAO Kerry Terrington Greencore Food to go Spalding Wardentree Lane Pinchbeck
Spalding
PE11 3UY
GBR",2,200
Hoddesdon Distribution Ltd,"Hailey Rd. Business Park
Erith
DA18 4AR
GBR",1,64
Hoddesdon Distribution Ltd,"Main Warehouse Bays 10 to 13 Gousto C O Bowmans Chilled Stores Camel Gate
Spalding
PE12 6HA
GBR",24,410
Hoddesdon Distribution Ltd,"Melford Road Righead Industrial Estate
Bellshill
ML4  3QD
GBR",22,990
Hoddesdon Distribution Ltd,"Sonali Supermarket Birmingham ltd Lozells Road
Birmingham
B192TN
GBR",4,162
Hoddesdon Distribution Ltd,"unit 5, Trafalgar Trading Estate
82 Jeffreys Road
London
London
EN3 7TY
GBR",10,230
Hoddesdon Distribution Ltd,"Unit A Trafalgar CentreBelfield Road
Rochdale
OL16 2UX
GBR",6,390
Hoddesdon Distribution Ltd,"Booth Drive Parkfarm Ind. Estate    Wellingborough  Northants
Wellingborough
NN8 6GR
GBR",2,110
Hoddesdon Distribution Ltd,"Davy Close Park Farm Ind Est
Wellingborough
NN8 6XX
GBR",21,330
Hoddesdon Distribution Ltd,"Hilbert House
New Street

Manchester
M40 8AW
GBR",10,390
Hoddesdon Distribution Ltd,"Ivatt WayIvatt Business Park Westwood Industrial Estate
Peterborough
PE3 7PH
GBR",13,295
Hoddesdon Distribution Ltd,"Main Warehouse Bays 10 to 13 Gousto C O Bowmans Chilled Stores Camel Gate
Spalding
PE12 6HA
GBR",18,410
Hoddesdon Distribution Ltd,"Maxted Road Hemel Hempstead Ind Estate
Hemel Hempstead
HP2 7DX
GBR",2,170
Shakespeare Transport Ltd,"Ibco Building Hulme Hall laneLord North Street
Manchester
M40 8AD
GBR",3,120.15
Shakespeare Transport Ltd,"Resturant Wholesale London Works Ripple Road
London
IG11 0SY
GBR",3,144.9
Lenham Storage Co Ltd,"401 Edinburgh Road Newhouse  Motherwell  North Lanarkshire
Motherwell
ML1 5GH
GBR",7,453.41
Lenham Storage Co Ltd,"Andover Business Park Pioneer Road
Andover
SP11 8EZ
GBR",5,124.75
Lenham Storage Co Ltd,"Popular Way West Cabot park Avonmouth  Bristol
Bristol
BS11 0YW
GBR",5,196.26
Lenham Storage Co Ltd,"Unit 2D Central Boulevard Prologis Park    Coventry
Coventry
CV6 4BX
GBR",10,135.1
Hoddesdon Distribution Ltd,"7 Distribution Center 7500 Skyline Drive
Warrington
WA5 3TP
GBR",42,470
Hoddesdon Distribution Ltd,"Altendiez Way
Burton Latimer
NN15 5YT
GBR",26,320
Hoddesdon Distribution Ltd,"c/o DHL Foxhills Ind Est
Scunthorpe
DN159YA
GBR",7,360
Hoddesdon Distribution Ltd,"Crossways Business Park Galleon Boulevard
Dartford
DA2 6QL
GBR",2,19
Hoddesdon Distribution Ltd,"Crossways Business Park Galleon Boulevard
Dartford
DA2 6QL
GBR",23,206
Hoddesdon Distribution Ltd,"Earlsgate Park Earls Road   Grangemouth  Stirlingshire
Stirlingshire
FK3 8UZ
GBR",18,938
Hoddesdon Distribution Ltd,"Elmshall Drive Dale Lane Industrial Estate
Pontefract
WF9 2RH
GBR",2,125
Hoddesdon Distribution Ltd,"Foxbridge Way Off Pontefract Road Normanton
Wakefield
WF6 1TN
GBR",22,430
Hoddesdon Distribution Ltd,"K ing St Rudheath (A556/A533)
Northwich
CW9 7WA
GBR",19,356
Hoddesdon Distribution Ltd,"K ing St Rudheath (A556/A533)
Northwich
CW9 7WA
GBR",26,450
Hoddesdon Distribution Ltd,"Kings Road
Bridgwater
TA6 4FG
GBR",26,475
Hoddesdon Distribution Ltd,"Magna Park A5 Watling Street
Lutterworth
LE17 4QU
GBR",1,16
Hoddesdon Distribution Ltd,"Magna Park A5 Watling Street
Lutterworth
LE17 4QU
GBR",2,30
Hoddesdon Distribution Ltd,"Magna Park A5 Watling Street
Lutterworth
LE17 4QU
GBR",20,289
Hoddesdon Distribution Ltd,"Magna Park A5 Watling Street
Lutterworth
LE17 4QU
GBR",25,335
Hoddesdon Distribution Ltd,"Newhouse Farm Ind Est
Chepstow
NP6 6UD
GBR",21,445
Hoddesdon Distribution Ltd,"Unit 1553 Lewisher Road
Leicester
LE4 9LR
GBR",6,250
Hoddesdon Distribution Ltd,"Wag Hardwick Grange
Willston
WA1 4RJ
GBR",5,370
Hoddesdon Distribution Ltd,"Wakefield 41 Ind Est
Wakefield
WF2 0XF
GBR",15,287
Hoddesdon Distribution Ltd,"Wakefield 41 Ind Est
Wakefield
WF2 0XF
GBR",26,440
Shakespeare Transport Ltd,"84 Toryglen Street
Glasgow
G5 0BH
GBR",6,333.3
Lenham Storage Co Ltd,"Oliver Road
West Thurrock
RM20 3EN
GBR",5,109.15
Lenham Storage Co Ltd,"Rutherford Drive Park Farm
South Wellingborough
NN8 6AQ
GBR",6,199.99
Roche freight Ireland Ltd,"Killamonan Road The Ward Co.Dublin
Co dublin
DublinDublin
IRL",2.02,305.24
Salvatori Medway Ltd,"Unit 8198 Camford Way
Luton
LU33AN
GBR",3,123
Hoddesdon Distribution Ltd,"75 Doncaster Road
Wakefield
WF1 5DX
GBR",4,225
Hoddesdon Distribution Ltd,"Altendiez Way
Burton Latimer
NN15 5YT
GBR",20,320
Hoddesdon Distribution Ltd,"Booth Drive Parkfarm Ind. Estate    Wellingborough  Northants
Wellingborough
NN8 6GR
GBR",5,205
Hoddesdon Distribution Ltd,"Cob Drive Swan Valley
Northampton
NN4 9BB
GBR",4,49
Hoddesdon Distribution Ltd,"Cob Drive Swan Valley
Northampton
NN4 9BB
GBR",22,271
Hoddesdon Distribution Ltd,"Cob Drive Swan Valley
Northampton
NN4 9BB
GBR",20,320
Hoddesdon Distribution Ltd,"Hailey Rd. Business Park
Erith
DA18 4AR
GBR",14,215
Hoddesdon Distribution Ltd,"Kings Road
Bridgwater
TA6 4FG
GBR",3,400
Hoddesdon Distribution Ltd,"Livingstone Road
Andover
SP10 5LA
GBR",6,330
Hoddesdon Distribution Ltd,"Melford Road Righead Industrial Estate
Bellshill
ML4  3QD
GBR",16,932
Hoddesdon Distribution Ltd,"Milton Park Milton
Abingdon
OX14 4TF
GBR",1,14
Hoddesdon Distribution Ltd,"Milton Park Milton
Abingdon
OX14 4TF
GBR",3,41
Hoddesdon Distribution Ltd,"Milton Park Milton
Abingdon
OX14 4TF
GBR",20,275
Hoddesdon Distribution Ltd,"Wakefield 41 Ind Est
Wakefield
WF2 0XF
GBR",26,440
Hoddesdon Distribution Ltd,"Welcome HouseGlover Street
Digbeth
B9 4EP
GBR",9,250
Shakespeare Transport Ltd,"Brown Street Globe Works
Accrington
BB5 0RH
GBR",3,120.15
Shakespeare Transport Ltd,"Unit 2
Bedford Works
Lower Bedford Street

Stoke on Trent
ST4 7AF
GBR",3,120.15
Salvatori Medway Ltd,"Do not use staples in PW Langley Park Chalk Lane
Sutton Bridge
PE12 9YF
GBR",24,525
Hoddesdon Distribution Ltd,"7 Solar Way Innova Park
Enfield
EN3 7XY
GBR",3,135
Hoddesdon Distribution Ltd,"1-3 Stadium ClosePenarth Road
Cardiff, Wales
CF11 8TS
GBR",26,470
Hoddesdon Distribution Ltd,"14a Missouri Avenue

Manchester
M50 2NP
GBR",7,330
Hoddesdon Distribution Ltd,"2 Mandarin Way Pattison Ind. Estate District 15
Washington
NE38 8QA
GBR",1,39
Hoddesdon Distribution Ltd,"2 Mandarin Way Pattison Ind. Estate District 15
Washington
NE38 8QA
GBR",16,527
Hoddesdon Distribution Ltd,"44 Watts Grove
Bow
E3 3RE
GBR",14,240
Hoddesdon Distribution Ltd,"5 Solar Way Innova Park
Enfield
EN3 7XY
GBR",8,200
Hoddesdon Distribution Ltd,"59 Gresham Road
Middlesborough
TS1 4LT
GBR",4,380
Hoddesdon Distribution Ltd,"7 Distribution Center 7500 Skyline Drive
Warrington
WA5 3TP
GBR",1,21
Hoddesdon Distribution Ltd,"7 Distribution Center 7500 Skyline Drive
Warrington
WA5 3TP
GBR",21,428
Hoddesdon Distribution Ltd,"733 Alum Rock Road
Satley
B8 2NY
GBR",3.07,162
Hoddesdon Distribution Ltd,"Altendiez Way
Burton Latimer
NN15 5YT
GBR",26,234
Hoddesdon Distribution Ltd,"Altendiez Way
Burton Latimer
NN15 5YT
GBR",19,320
Hoddesdon Distribution Ltd,"c/o DHL Foxhills Ind Est
Scunthorpe
DN159YA
GBR",17,450
Hoddesdon Distribution Ltd,"Cobden House, 
Cobden Street

Leicester
LE1 2LB
GBR",4,162
Hoddesdon Distribution Ltd,"Crossways Business Park Galleon Boulevard
Dartford
DA2 6QL
GBR",21,213
Hoddesdon Distribution Ltd,"Do not use staples in PW Laburnum Farm Old Leake 
Boston
PE22 9PN
GBR",2,116
Hoddesdon Distribution Ltd,"Do not use staples in PW Laburnum Farm Old Leake 
Boston
PE22 9PN
GBR",3,174
Hoddesdon Distribution Ltd,"Earlsgate Park Earls Road   Grangemouth  Stirlingshire
Stirlingshire
FK3 8UZ
GBR",24,990
Hoddesdon Distribution Ltd,"Foxbridge Way Off Pontefract Road Normanton
Wakefield
WF6 1TN
GBR",21,430
Hoddesdon Distribution Ltd,"Furnham Rd
Chard
TA20 1AA
GBR",4,265
Hoddesdon Distribution Ltd,"Halfords Park Halfords Lane
Smethwick
B66 1EL
GBR",3,148
Hoddesdon Distribution Ltd,"K ing St Rudheath (A556/A533)
Northwich
CW9 7WA
GBR",4,190
Hoddesdon Distribution Ltd,"K ing St Rudheath (A556/A533)
Northwich
CW9 7WA
GBR",26,450
Hoddesdon Distribution Ltd,"Kent Street
Preston
PR1 1PT
GBR",5,265
Hoddesdon Distribution Ltd,"Kings Road
Bridgwater
TA6 4FG
GBR",23,437
Hoddesdon Distribution Ltd,"Magna Park A5 Watling Street
Lutterworth
LE17 4QU
GBR",2,17
Hoddesdon Distribution Ltd,"Magna Park A5 Watling Street
Lutterworth
LE17 4QU
GBR",4,66
Hoddesdon Distribution Ltd,"Milton Park Milton
Abingdon
OX14 4TF
GBR",1,14
Hoddesdon Distribution Ltd,"Milton Park Milton
Abingdon
OX14 4TF
GBR",4,55
Hoddesdon Distribution Ltd,"Milton Park Milton
Abingdon
OX14 4TF
GBR",20,261
Hoddesdon Distribution Ltd,"Newhouse Farm Ind Est
Chepstow
NP6 6UD
GBR",2,21
Hoddesdon Distribution Ltd,"Newhouse Farm Ind Est
Chepstow
NP6 6UD
GBR",21,403
Hoddesdon Distribution Ltd,"Penzance Drive Churchward Park
Swindon
SN5 7JF
GBR",5,295
Hoddesdon Distribution Ltd,"Regional Distribution center 7502 Norman Road Belvedere
Bexley
DA17 6JY
GBR",18,225
Hoddesdon Distribution Ltd,"Rockingham Way Redhouse Interchange
Doncaster
DN6 7FB
GBR",4,68
Hoddesdon Distribution Ltd,"Rockingham Way Redhouse Interchange
Doncaster
DN6 7FB
GBR",10,170
Hoddesdon Distribution Ltd,"Rockingham Way Redhouse Interchange
Doncaster
DN6 7FB
GBR",11,187
Hoddesdon Distribution Ltd,"Unit 7A Odhams Trad EstSt Albans Road
Watford
WD24 7RY
GBR",3,137
Hoddesdon Distribution Ltd,"Wakefield 41 Ind Est
Wakefield
WF2 0XF
GBR",17,312
Hoddesdon Distribution Ltd,"Wakefield 41 Ind Est
Wakefield
WF2 0XF
GBR",26,440
Shakespeare Transport Ltd,"Ahmed HouseBelle Vue Avenue
Longsight , Manchester
M12 4AS
GBR",2.97,120.15
Barron Wood Distribution Ltd,"10 Avenue Marcelin Berthelot
F-92390Villeneuve la Garenne
FRA",24,455
Lenham Storage Co Ltd,"Unit 2D Central Boulevard Prologis Park    Coventry
Coventry
CV6 4BX
GBR",21,346.01
Hoddesdon Distribution Ltd,"Davy Close Park Farm Ind Est
Wellingborough
NN8 6XX
GBR",23,330
Hoddesdon Distribution Ltd,"Greencore Prepared Foods Hownsgill Park Consett Co. Durham
Co Durahm
DH8 7NU
GBR",10,540
Hoddesdon Distribution Ltd,"Melford Road Righead Industrial Estate
Bellshill
ML4  3QD
GBR",10,808
Hoddesdon Distribution Ltd,"Melford Road Righead Industrial Estate
Bellshill
ML4  3QD
GBR",26,990
Hoddesdon Distribution Ltd,"Unit8 Anchor Business Park Featherstall Road North
Oldham
OL9 6AZ
GBR",0.46,165
Hoddesdon Distribution Ltd,"Unit8 Anchor Business Park Featherstall Road North
Oldham
OL9 6AZ
GBR",2.5,330
Shakespeare Transport Ltd,"201 Glasgow Rd Rutherglen
Glasgow
G73 1SU
GBR",7,333.3
Shakespeare Transport Ltd,"Caresgate Road South
Inverness
IV3 8LL
GBR",4,322.4
Lenham Storage Co Ltd,"1 Angel Square
Manchester
M60 OAG
GBR",5,371.05
Lenham Storage Co Ltd,"Oliver Road
West Thurrock
RM20 3EN
GBR",5,109.15
Lenham Storage Co Ltd,"Unit B Farmwell Lane Castlewood Business Park South Normanton
Alferton
NG17 1JF
GBR",6,246.08
Lenham Storage Co Ltd,"Wincanton Elton Head oad
St Helens
WA9 5AX
GBR",5,234.49
Salvatori Medway Ltd,"Trading as Quality Foods 49-61 South Road
Southall
UB1 1SQ
GBR",3,87
Hoddesdon Distribution Ltd,"Atlas Wharf Berkshire Road
London
E9 5NB
GBR",26,265
Hoddesdon Distribution Ltd,"Davy Close Park Farm Ind Est
Wellingborough
NN8 6XX
GBR",3,145
Hoddesdon Distribution Ltd,"Do not use staples in PW Langley Park Chalk Lane
Sutton Bridge
PE12 9YF
GBR",24,380
Hoddesdon Distribution Ltd,"Main Warehouse Bays 10 to 13 Gousto C O Bowmans Chilled Stores Camel Gate
Spalding
PE12 6HA
GBR",14,380
Hoddesdon Distribution Ltd,"Unit 12- 13 Valley Road Business ParkValley Road
Keighley
BD21 4LZ
GBR",6,420
Hoddesdon Distribution Ltd,"UNIT 24 WHOLESALE FRUIT CENTRE 
CARDIFF, Wales
CF11 8BB
GBR",4,360
Hoddesdon Distribution Ltd,"Unit 910 River Road
Barking
IG11 ODG
GBR",5,195
Hoddesdon Distribution Ltd,"Wag Hardwick Grange
Willston
WA1 4RJ
GBR",6,380
Roche freight Ireland Ltd,"Killamonan Road The Ward Co.Dublin
Co dublin
DublinDublin
IRL",2.43,406.98
Hoddesdon Distribution Ltd,"1 Uxbridge Road Hayes
hayes
UB4 0JU
GBR",5,170
Hoddesdon Distribution Ltd,"237 -239 South Road 
Birmingham
B18 5JS
GBR",9,250
Hoddesdon Distribution Ltd,"5 Solar Way Innova Park
Enfield
EN3 7XY
GBR",6,200
Hoddesdon Distribution Ltd,"7 Distribution Center 7500 Skyline Drive
Warrington
WA5 3TP
GBR",1,24
Hoddesdon Distribution Ltd,"7 Distribution Center 7500 Skyline Drive
Warrington
WA5 3TP
GBR",16,396
Hoddesdon Distribution Ltd,"Altendiez Way
Burton Latimer
NN15 5YT
GBR",20,320
Hoddesdon Distribution Ltd,"Cameron Wood  Nettlehill Rd Houston Industrial Estate
LIVINGSTON
EH54 5DL
GBR",5,600
Hoddesdon Distribution Ltd,"Crossways Business Park Galleon Boulevard
Dartford
DA2 6QL
GBR",1,9
Hoddesdon Distribution Ltd,"Crossways Business Park Galleon Boulevard
Dartford
DA2 6QL
GBR",2,17
Hoddesdon Distribution Ltd,"Crossways Business Park Galleon Boulevard
Dartford
DA2 6QL
GBR",24,208
Hoddesdon Distribution Ltd,"Crossways Business Park Galleon Boulevard
Dartford
DA2 6QL
GBR",25,216
Hoddesdon Distribution Ltd,"Deeside Industrial Park
Deeside, Flintshire
CH5 2NW
GBR",5,370
Hoddesdon Distribution Ltd,"Earlsgate Park Earls Road   Grangemouth  Stirlingshire
Stirlingshire
FK3 8UZ
GBR",1,55
Hoddesdon Distribution Ltd,"Earlsgate Park Earls Road   Grangemouth  Stirlingshire
Stirlingshire
FK3 8UZ
GBR",16,880
Hoddesdon Distribution Ltd,"Foxbridge Way Off Pontefract Road Normanton
Wakefield
WF6 1TN
GBR",2,37
Hoddesdon Distribution Ltd,"Foxbridge Way Off Pontefract Road Normanton
Wakefield
WF6 1TN
GBR",20,374
Hoddesdon Distribution Ltd,"Ivatt WayIvatt Business Park Westwood Industrial Estate
Peterborough
PE3 7PH
GBR",5,200
Hoddesdon Distribution Ltd,"K ing St Rudheath (A556/A533)
Northwich
CW9 7WA
GBR",6,380
Hoddesdon Distribution Ltd,"Kings Road
Bridgwater
TA6 4FG
GBR",5,415
Hoddesdon Distribution Ltd,"Magna Park A5 Watling Street
Lutterworth
LE17 4QU
GBR",2,14
Hoddesdon Distribution Ltd,"Magna Park A5 Watling Street
Lutterworth
LE17 4QU
GBR",21,293
Hoddesdon Distribution Ltd,"Melford Road Righead Industrial Estate
Bellshill
ML4  3QD
GBR",3,300
Hoddesdon Distribution Ltd,"Milton Park Milton
Abingdon
OX14 4TF
GBR",1,15
Hoddesdon Distribution Ltd,"Milton Park Milton
Abingdon
OX14 4TF
GBR",3,45
Hoddesdon Distribution Ltd,"Milton Park Milton
Abingdon
OX14 4TF
GBR",18,270
Hoddesdon Distribution Ltd,"Penzance Drive Churchward Park
Swindon
SN5 7JF
GBR",5,295
Hoddesdon Distribution Ltd,"Quality Foods 34- 62 Staines Road Hounslow
Hounslow
TW3 3LZ
GBR",9,205
Hoddesdon Distribution Ltd,"Unit 5 A3 Approach Rima House Ripple Road 
Barking
IG11 0RH
GBR",26,260
Hoddesdon Distribution Ltd,"Unit 6-8 Priestley WayForest Trading Estate
Walthamstow
E17 6AL
GBR",6,205
Hoddesdon Distribution Ltd,"VIA LEA BRIDGE RD & ARGALL WAY
LEYTON
E10 7AS
GBR",5,160
Hoddesdon Distribution Ltd,"Wakefield 41 Ind Est
Wakefield
WF2 0XF
GBR",4,250
Shakespeare Transport Ltd,"870 Stratford Road
Birmingham
B11 4BS
GBR",3.01,120.15
Shakespeare Transport Ltd,"Trading as Quality Foods 49-61 South Road
Southall
UB1 1SQ
GBR",3,148.05
Lenham Storage Co Ltd,"Popular Way West Cabot park Avonmouth  Bristol
Bristol
BS11 0YW
GBR",9,251.16
Lenham Storage Co Ltd,"Unit 2D Central Boulevard Prologis Park    Coventry
Coventry
CV6 4BX
GBR",14,270.2
Hoddesdon Distribution Ltd,"2 Princess Road  West Sussex
Crawley
RH11 7BJ
GBR",4.95,195
Hoddesdon Distribution Ltd,"298-300 Linthorpe Road
Middlesbrough
TS1 3QU
GBR",4,380
Hoddesdon Distribution Ltd,"Hailey Rd. Business Park
Erith
DA18 4AR
GBR",13,215
Hoddesdon Distribution Ltd,"Magna Park A5 Watling Street
Lutterworth
LE17 4QU
GBR",1,16
Hoddesdon Distribution Ltd,"Magna Park A5 Watling Street
Lutterworth
LE17 4QU
GBR",18,287
Hoddesdon Distribution Ltd,"Manchester Superstore 
Florence St
Bradford
BD3 8EX
GBR",3,165
Hoddesdon Distribution Ltd,"T/A IqbroUnit 3 C Button End Industrial Estate Button End
Harston
CB22 7GX
GBR",4,170
Shakespeare Transport Ltd,"Greenbank Business Park Blakewater Road
Blackburn
BB1 3HU
GBR",3,120.15
Shakespeare Transport Ltd,"Unit 1A Norton Park Russie Place
Edinburgh
EH7 5RS
GBR",3,166.65
Barron Wood Distribution Ltd,"10 Avenue Marcelin Berthelot
F-92390Villeneuve la Garenne
FRA",24,455
Salvatori Medway Ltd,"UNIT 5 RIVERSIDE Way
WAYUXBRIDGE
UB8 2YF
GBR",3,112.5
Salvatori Medway Ltd,"Rockingham Way Redhouse Interchange
Doncaster
DN6 7FB
GBR",4,186
Hoddesdon Distribution Ltd,"2 Mandarin Way Pattison Ind. Estate District 15
Washington
NE38 8QA
GBR",18,576
Hoddesdon Distribution Ltd,"7 Distribution Center 7500 Skyline Drive
Warrington
WA5 3TP
GBR",20,470
Hoddesdon Distribution Ltd,"Altendiez Way
Burton Latimer
NN15 5YT
GBR",23,320
Hoddesdon Distribution Ltd,"Ash Road South Wrexham Ind Estate
Wrexham, Wales
LL13 9UG
GBR",8,175
Hoddesdon Distribution Ltd,"Ash Road South Wrexham Ind Estate
Wrexham, Wales
LL13 9UG
GBR",13,285
Hoddesdon Distribution Ltd,"c/o DHL Foxhills Ind Est
Scunthorpe
DN159YA
GBR",18,450
Hoddesdon Distribution Ltd,"Cob Drive Swan Valley
Northampton
NN4 9BB
GBR",3,200
Hoddesdon Distribution Ltd,"Crossways Business Park Galleon Boulevard
Dartford
DA2 6QL
GBR",26,225
Hoddesdon Distribution Ltd,"Do not use staples in PW Langley Park Chalk Lane
Sutton Bridge
PE12 9YF
GBR",15,360
Hoddesdon Distribution Ltd,"Earlsgate Park Earls Road   Grangemouth  Stirlingshire
Stirlingshire
FK3 8UZ
GBR",23,949
Hoddesdon Distribution Ltd,"Foxbridge Way Off Pontefract Road Normanton
Wakefield
WF6 1TN
GBR",20,410
Hoddesdon Distribution Ltd,"Greencore Prepared Foods Hownsgill Park Consett Co. Durham
Co Durahm
DH8 7NU
GBR",10,540
Hoddesdon Distribution Ltd,"Halfords Park Halfords Lane
Smethwick
B66 1EL
GBR",3,148
Hoddesdon Distribution Ltd,"Hilbert House
New Street

Manchester
M40 8AW
GBR",6,330
Hoddesdon Distribution Ltd,"K ing St Rudheath (A556/A533)
Northwich
CW9 7WA
GBR",20,409
Hoddesdon Distribution Ltd,"Kings Road
Bridgwater
TA6 4FG
GBR",12,399
Hoddesdon Distribution Ltd,"Main Warehouse Bays 10 to 13 Gousto C O Bowmans Chilled Stores Camel Gate
Spalding
PE12 6HA
GBR",12,360
Hoddesdon Distribution Ltd,"Milton Park Milton
Abingdon
OX14 4TF
GBR",1,15
Hoddesdon Distribution Ltd,"Milton Park Milton
Abingdon
OX14 4TF
GBR",21,315
Hoddesdon Distribution Ltd,"Newhouse Farm Ind Est
Chepstow
NP6 6UD
GBR",2,34
Hoddesdon Distribution Ltd,"Newhouse Farm Ind Est
Chepstow
NP6 6UD
GBR",24,411
Hoddesdon Distribution Ltd,"Off Silverdale Road Pump Lane
Hayes
UB3 3BL
GBR",3,145
Hoddesdon Distribution Ltd,"Wakefield 41 Ind Est
Wakefield
WF2 0XF
GBR",14,411
Shakespeare Transport Ltd,"125 River Road
Barking
IG11 0EG
GBR",2,96.6
Shakespeare Transport Ltd,"201 Glasgow Rd Rutherglen
Glasgow
G73 1SU
GBR",3.8,222.2
Shakespeare Transport Ltd,"282 Farnham Road
Slough
SL1 4XL
GBR",2.18,86.3
Shakespeare Transport Ltd,"675A Mitcham Road
Croydon
CR0 3AF
GBR",3,144.9
Shakespeare Transport Ltd,"Dhamecha C & C 2 Fordmil Road Catford
Lewisham
SE6 3JH
GBR",2,115.8
Shakespeare Transport Ltd,"Dhamecha C & C 243 Blyth Road
Hayes
UB3 1RY
GBR",2,98.7
Shakespeare Transport Ltd,"Dhamecha Cash & Carry 101 Cobden Street
Leicester
LE1 2LB
GBR",2,80.1
Shakespeare Transport Ltd,"Imperial Way
Watford
WD24 4UA
GBR",1,45.2
Shakespeare Transport Ltd,"Steel Bright Road Off Rabone Lane Smethwick
Birmingham
B66 2NW
GBR",2,80.1
Shakespeare Transport Ltd,"Wembley Stadium Industrial Estate First Way
Wembley
HA9 0TU
GBR",3,166.65
Lenham Storage Co Ltd,"Andover Business Park Pioneer Road
Andover
SP11 8EZ
GBR",6,174.65
Hoddesdon Distribution Ltd,"7 Solar WayInova Park
Enfield
EN3 7XY
GBR",3,135
Hoddesdon Distribution Ltd,"A Division of Samworth Brothers Limited- Oak Spinney Park Ratby Lane Forest East
Leicester
LE3 3JZ
GBR",2,210
Hoddesdon Distribution Ltd,"Greencore Food to go Spalding Wardentree Lane Pinchbeck
Spalding
PE11 3UY
GBR",2,200
Hoddesdon Distribution Ltd,"Melford Road Righead Industrial Estate
Bellshill
ML4  3QD
GBR",7,849
Hoddesdon Distribution Ltd,"Newhouse Farm Ind Est
Chepstow
NP6 6UD
GBR",26,445
Hoddesdon Distribution Ltd,"Seafield Lane Beoley 
Worcestershire
Redditch 
B98 9DB
GBR",15,330
Lenham Storage Co Ltd,"Drum Ind Est Chester-Le-Street
Durham
DH2 1AE
GBR",5,278.19
Lenham Storage Co Ltd,"Murrayfield Road  Braunstone Frith Ind Estate   
Leicester
LE3 1UW
GBR",6,218.84
Lenham Storage Co Ltd,"Rutherford Drive Park Farm
South Wellingborough
NN8 6AQ
GBR",9,242.97
Lenham Storage Co Ltd,"Unit 2D Central Boulevard Prologis Park    Coventry
Coventry
CV6 4BX
GBR",20,216.16
Hoddesdon Distribution Ltd,"32 Avis Way
New Haven
West Sussex
BN9 0DD
GBR",6,275
Hoddesdon Distribution Ltd,"Altendiez Way
Burton Latimer
NN15 5YT
GBR",5,225
Hoddesdon Distribution Ltd,"Cob Drive Swan Valley
Northampton
NN4 9BB
GBR",2,190
Hoddesdon Distribution Ltd,"Crossways Business Park Galleon Boulevard
Dartford
DA2 6QL
GBR",2,9
Hoddesdon Distribution Ltd,"Crossways Business Park Galleon Boulevard
Dartford
DA2 6QL
GBR",24,207
Hoddesdon Distribution Ltd,"Earlsgate Park Earls Road   Grangemouth  Stirlingshire
Stirlingshire
FK3 8UZ
GBR",1,52
Hoddesdon Distribution Ltd,"Earlsgate Park Earls Road   Grangemouth  Stirlingshire
Stirlingshire
FK3 8UZ
GBR",17,886
Hoddesdon Distribution Ltd,"K ing St Rudheath (A556/A533)
Northwich
CW9 7WA
GBR",9,360
Hoddesdon Distribution Ltd,"Kings Road
Bridgwater
TA6 4FG
GBR",5,300
Hoddesdon Distribution Ltd,"Magna Park A5 Watling Street
Lutterworth
LE17 4QU
GBR",2,13
Hoddesdon Distribution Ltd,"Magna Park A5 Watling Street
Lutterworth
LE17 4QU
GBR",24,309
Hoddesdon Distribution Ltd,"Melford Road Righead Industrial Estate
Bellshill
ML4  3QD
GBR",3,390
Hoddesdon Distribution Ltd,"Rockingham Way Redhouse Interchange
Doncaster
DN6 7FB
GBR",4,78
Hoddesdon Distribution Ltd,"Rockingham Way Redhouse Interchange
Doncaster
DN6 7FB
GBR",5,96
Hoddesdon Distribution Ltd,"Rockingham Way Redhouse Interchange
Doncaster
DN6 7FB
GBR",8,155
Hoddesdon Distribution Ltd,"Wakefield 41 Ind Est
Wakefield
WF2 0XF
GBR",9,400
Lenham Storage Co Ltd,"401 Edinburgh Road Newhouse  Motherwell  North Lanarkshire
Motherwell
ML1 5GH
GBR",8,477.85
Lenham Storage Co Ltd,"Wincanton Elton Head oad
St Helens
WA9 5AX
GBR",7,286.12
Hoddesdon Distribution Ltd,"169 Ettingshall Road
Wolverhampton
WV2 2RB
GBR",13,315
Hoddesdon Distribution Ltd,"5 Solar Way Innova Park
Enfield
EN3 7XY
GBR",5,180
Hoddesdon Distribution Ltd,"Dolphin Way Purfleet
Purfleet
RM19 1NZ
GBR",4,125
Hoddesdon Distribution Ltd,"Hailey Rd. Business Park
Erith
DA18 4AR
GBR",11,205
Hoddesdon Distribution Ltd,"South bridge way The Green
Southall
UB2 4AX
GBR",3,52
Hoddesdon Distribution Ltd,"South bridge way The Green
Southall
UB2 4AX
GBR",11,158
Hoddesdon Distribution Ltd,"Unit 1a & 1b Cambrian Business Park Derby Street 
Bolton
BL3 6JF
GBR",10,425
Hoddesdon Distribution Ltd,"Wakefield 41 Ind Est
Wakefield
WF2 0XF
GBR",3,220
Hoddesdon Distribution Ltd,"Windmill Lane
Southall
UB2 4NA
GBR",10,255
Lenham Storage Co Ltd,"Oliver Road
West Thurrock
RM20 3EN
GBR",6,130.98
Hoddesdon Distribution Ltd,"2 Mandarin Way Pattison Ind. Estate District 15
Washington
NE38 8QA
GBR",2,52
Hoddesdon Distribution Ltd,"2 Mandarin Way Pattison Ind. Estate District 15
Washington
NE38 8QA
GBR",14,358
Hoddesdon Distribution Ltd,"7 Distribution Center 7500 Skyline Drive
Warrington
WA5 3TP
GBR",1,18
Hoddesdon Distribution Ltd,"7 Distribution Center 7500 Skyline Drive
Warrington
WA5 3TP
GBR",15,271
Hoddesdon Distribution Ltd,"Altendiez Way
Burton Latimer
NN15 5YT
GBR",10,238
Hoddesdon Distribution Ltd,"Ash Road South Wrexham Ind Estate
Wrexham, Wales
LL13 9UG
GBR",14,445
Hoddesdon Distribution Ltd,"c/o DHL Foxhills Ind Est
Scunthorpe
DN159YA
GBR",12,385
Hoddesdon Distribution Ltd,"Cob Drive Swan Valley
Northampton
NN4 9BB
GBR",2,310
Hoddesdon Distribution Ltd,"Cob Drive Swan Valley
Northampton
NN4 9BB
GBR",11,620
Hoddesdon Distribution Ltd,"Do not use staples in PW Langley Park Chalk Lane
Sutton Bridge
PE12 9YF
GBR",24,380
Hoddesdon Distribution Ltd,"Earlsgate Park Earls Road   Grangemouth  Stirlingshire
Stirlingshire
FK3 8UZ
GBR",1,38
Hoddesdon Distribution Ltd,"Earlsgate Park Earls Road   Grangemouth  Stirlingshire
Stirlingshire
FK3 8UZ
GBR",18,685
Hoddesdon Distribution Ltd,"Foxbridge Way Off Pontefract Road Normanton
Wakefield
WF6 1TN
GBR",2,17
Hoddesdon Distribution Ltd,"Foxbridge Way Off Pontefract Road Normanton
Wakefield
WF6 1TN
GBR",17,281
Hoddesdon Distribution Ltd,"Greencore Prepared Foods Hownsgill Park Consett Co. Durham
Co Durahm
DH8 7NU
GBR",10,540
Hoddesdon Distribution Ltd,"K ing St Rudheath (A556/A533)
Northwich
CW9 7WA
GBR",12,318
Hoddesdon Distribution Ltd,"Kings Road
Bridgwater
TA6 4FG
GBR",11,393
Hoddesdon Distribution Ltd,"Magna Park A5 Watling Street
Lutterworth
LE17 4QU
GBR",3,13
Hoddesdon Distribution Ltd,"Magna Park A5 Watling Street
Lutterworth
LE17 4QU
GBR",16,206
Hoddesdon Distribution Ltd,"Wakefield 41 Ind Est
Wakefield
WF2 0XF
GBR",17,300
Lenham Storage Co Ltd,"401 Edinburgh Road Newhouse  Motherwell  North Lanarkshire
Motherwell
ML1 5GH
GBR",5,371.05
Lenham Storage Co Ltd,"Andover Business Park Pioneer Road
Andover
SP11 8EZ
GBR",5,124.75
Lenham Storage Co Ltd,"Unit B Farmwell Lane Castlewood Business Park South Normanton
Alferton
NG17 1JF
GBR",7,269.44
Hoddesdon Distribution Ltd,"Furnham Rd
Chard
TA20 1AA
GBR",5,265
Hoddesdon Distribution Ltd,"Melford Road Righead Industrial Estate
Bellshill
ML4  3QD
GBR",2,228
Hoddesdon Distribution Ltd,"Milton Park Milton
Abingdon
OX14 4TF
GBR",1,12
Hoddesdon Distribution Ltd,"Milton Park Milton
Abingdon
OX14 4TF
GBR",21,267
Hoddesdon Distribution Ltd,"Newhouse Farm Ind Est
Chepstow
NP6 6UD
GBR",26,445
Salvatori Medway Ltd,"Atlas Wharf Berkshire Road
London
E9 5NB
GBR",26,325
Hoddesdon Distribution Ltd,"5 Solar Way Innova Park
Enfield
EN3 7XY
GBR",5,180
Hoddesdon Distribution Ltd,"Amotherby Malton
Malton
YO17 6TQ
GBR",3,250
Hoddesdon Distribution Ltd,"Cob Drive Swan Valley
Northampton
NN4 9BB
GBR",22,320
Hoddesdon Distribution Ltd,"Main Warehouse Bays 10 to 13 Gousto C O Bowmans Chilled Stores Camel Gate
Spalding
PE12 6HA
GBR",24,410
Lenham Storage Co Ltd,"Drum Ind Est Chester-Le-Street
Durham
DH2 1AE
GBR",6,310.56
Lenham Storage Co Ltd,"Murrayfield Road  Braunstone Frith Ind Estate   
Leicester
LE3 1UW
GBR",3,126.51
Lenham Storage Co Ltd,"Oliver Road
West Thurrock
RM20 3EN
GBR",6,130.98
Lenham Storage Co Ltd,"Popular Way West Cabot park Avonmouth  Bristol
Bristol
BS11 0YW
GBR",5,196.26
Lenham Storage Co Ltd,"Wincanton Elton Head oad
St Helens
WA9 5AX
GBR",5,234.49
Roche freight Ireland Ltd,"Killamonan Road The Ward Co.Dublin
Co dublin
DublinDublin
IRL",3.04,314.25
Hoddesdon Distribution Ltd,"7 Distribution Center 7500 Skyline Drive
Warrington
WA5 3TP
GBR",1,19
Hoddesdon Distribution Ltd,"7 Distribution Center 7500 Skyline Drive
Warrington
WA5 3TP
GBR",24,451
Hoddesdon Distribution Ltd,"7/9 Blackwater Way
Aldershot
GU12 4DG
GBR",4,200
Hoddesdon Distribution Ltd,"Altendiez Way
Burton Latimer
NN15 5YT
GBR",22,277
Hoddesdon Distribution Ltd,"Crossways Business Park Galleon Boulevard
Dartford
DA2 6QL
GBR",2,17
Hoddesdon Distribution Ltd,"Crossways Business Park Galleon Boulevard
Dartford
DA2 6QL
GBR",24,208
Hoddesdon Distribution Ltd,"Foxbridge Way Off Pontefract Road Normanton
Wakefield
WF6 1TN
GBR",1,19
Hoddesdon Distribution Ltd,"Foxbridge Way Off Pontefract Road Normanton
Wakefield
WF6 1TN
GBR",22,411
Hoddesdon Distribution Ltd,"Furnham Rd
Chard
TA20 1AA
GBR",1,265
Hoddesdon Distribution Ltd,"K ing St Rudheath (A556/A533)
Northwich
CW9 7WA
GBR",8,352
Hoddesdon Distribution Ltd,"Kings Road
Bridgwater
TA6 4FG
GBR",19,430
Hoddesdon Distribution Ltd,"Penzance Drive Churchward Park
Swindon
SN5 7JF
GBR",5,295
Hoddesdon Distribution Ltd,"T/A IqbroUnit 3 C Button End Industrial Estate Button End
Harston
CB22 7GX
GBR",4,170
Hoddesdon Distribution Ltd,"Trading as Quality Foods 49-61 South Road
Southall
UB1 1SQ
GBR",5,168
Hoddesdon Distribution Ltd,"Wakefield 41 Ind Est
Wakefield
WF2 0XF
GBR",19,380
Lenham Storage Co Ltd,"401 Edinburgh Road Newhouse  Motherwell  North Lanarkshire
Motherwell
ML1 5GH
GBR",5,371.05
Lenham Storage Co Ltd,"Waitrose National Dist Ctre Atkinson Way
Milton Keynes
MK17 8FF
GBR",1,25.84
Salvatori Medway Ltd,"109-111 Lozells Road
West Midlands
B19 2TR
GBR",3,100.5
Salvatori Medway Ltd,"173 Elswick Street Elswick
Newcastle Upon Tyne
NE4 6SR
GBR",3,115.5
Salvatori Medway Ltd,"57 Kind Edwards Road
Barking
IG11 7TS
GBR",3,117
Salvatori Medway Ltd,"Dolphin Way Purfleet
Purfleet
RM19 1NZ
GBR",1,38
Salvatori Medway Ltd,"Mount Street  Off Bowling Back Lane
Bradford
BD4 8TA
GBR",3,109.5
Hoddesdon Distribution Ltd,"1-3 Stadium ClosePenarth Road
Cardiff, Wales
CF11 8TS
GBR",5,370
Hoddesdon Distribution Ltd,"2 Princess Road  West Sussex
Crawley
RH11 7BJ
GBR",3,140
Hoddesdon Distribution Ltd,"44 Watts Grove
Bow
E3 3RE
GBR",14,240
Hoddesdon Distribution Ltd,"5 Rima House, A13 Approach, Ripple Road, 					
					

Barking
IG11 0RH
GBR",26,260
Hoddesdon Distribution Ltd,"Davy Close Park Farm Ind Est
Wellingborough
NN8 6XX
GBR",24,330
Hoddesdon Distribution Ltd,"Do not use staples in PW Laburnum Farm Old Leake 
Boston
PE22 9PN
GBR",2,116
Hoddesdon Distribution Ltd,"Do not use staples in PW Laburnum Farm Old Leake 
Boston
PE22 9PN
GBR",3,174
Hoddesdon Distribution Ltd,"Greencore Prepared Foods Hownsgill Park Consett Co. Durham
Co Durahm
DH8 7NU
GBR",10,540
Hoddesdon Distribution Ltd,"Hailey Rd. Business Park
Erith
DA18 4AR
GBR",15,215
Hoddesdon Distribution Ltd,"Melford Road Righead Industrial Estate
Bellshill
ML4  3QD
GBR",5,693
Hoddesdon Distribution Ltd,"Off Silverdale Road Pump Lane
Hayes
UB3 3BL
GBR",13,270
Hoddesdon Distribution Ltd,"South bridge way The Green
Southall
UB2 4AX
GBR",5,168
Hoddesdon Distribution Ltd,"T/A Al Amin Cash & Carry Unit 17 Page Road Sweetbriar Industrial Estate
Norwhich
NR3 2BX
GBR",5,255
Hoddesdon Distribution Ltd,"UNIT 24
WHITESTONE BUSINESS PARK 

Middlesbrough
TS4 2ED
GBR",5.94,480
Hoddesdon Distribution Ltd,"VIA LEA BRIDGE RD & ARGALL WAY
LEYTON
E10 7AS
GBR",3,129
Lenham Storage Co Ltd,"Oliver Road
West Thurrock
RM20 3EN
GBR",5,163.73
Lenham Storage Co Ltd,"Unit 2D Central Boulevard Prologis Park    Coventry
Coventry
CV6 4BX
GBR",24,760.48
Salvatori Medway Ltd,"19 Mitre Road
Longsight, Manchester
M13 0NU
GBR",3,100.5
Salvatori Medway Ltd,"237 -239 South Road 
Birmingham
B18 5JS
GBR",2,69
Salvatori Medway Ltd,"40 Coldhurst Street
Oldham
OL1 2BQ
GBR",4,130
Salvatori Medway Ltd,"Unit 15 Hallsford Bridge Ind. Est Stondon Road
Ongar
CM5 9RB
GBR",3,108
Salvatori Medway Ltd,"Unit 2 Cliffe Commercial Park Longyoyd Bridge
Huddersfield
HD1 3JD
GBR",3,100.5
Salvatori Medway Ltd,"Unit 2, Derby Shopping Centre

Bolton
BL3 5BP
GBR",3,100.5
Hoddesdon Distribution Ltd,"169 Ettingshall Road
Wolverhampton
WV2 2RB
GBR",8,275
Hoddesdon Distribution Ltd,"2 Mandarin Way Pattison Ind. Estate District 15
Washington
NE38 8QA
GBR",1,42
Hoddesdon Distribution Ltd,"2 Mandarin Way Pattison Ind. Estate District 15
Washington
NE38 8QA
GBR",12,508
Hoddesdon Distribution Ltd,"5 Solar Way Innova Park
Enfield
EN3 7XY
GBR",5,180
Hoddesdon Distribution Ltd,"7 Distribution Center 7500 Skyline Drive
Warrington
WA5 3TP
GBR",18,470
Hoddesdon Distribution Ltd,"Altendiez Way
Burton Latimer
NN15 5YT
GBR",18,303
Hoddesdon Distribution Ltd,"Ash Road South Wrexham Industrial Estate  Clwyd  Wrexham
Wrexham, Wales
LL13 9UG
GBR",17,460
Hoddesdon Distribution Ltd,"c/o DHL Foxhills Ind Est
Scunthorpe
DN159YA
GBR",3,165
Hoddesdon Distribution Ltd,"Crossways Business Park Galleon Boulevard
Dartford
DA2 6QL
GBR",21,225
Hoddesdon Distribution Ltd,"Do not use staples in PW Langley Park Chalk Lane
Sutton Bridge
PE12 9YF
GBR",24,380
Hoddesdon Distribution Ltd,"Earlsgate Park Earls Road   Grangemouth  Stirlingshire
Stirlingshire
FK3 8UZ
GBR",1,62
Hoddesdon Distribution Ltd,"Earlsgate Park Earls Road   Grangemouth  Stirlingshire
Stirlingshire
FK3 8UZ
GBR",15,928
Hoddesdon Distribution Ltd,"Foxbridge Way Off Pontefract Road Normanton
Wakefield
WF6 1TN
GBR",15,420
Hoddesdon Distribution Ltd,"K ing St Rudheath (A556/A533)
Northwich
CW9 7WA
GBR",15,422
Hoddesdon Distribution Ltd,"Kings Road
Bridgwater
TA6 4FG
GBR",11,465
Hoddesdon Distribution Ltd,"Magna Park A5 Watling Street
Lutterworth
LE17 4QU
GBR",1,19
Hoddesdon Distribution Ltd,"Magna Park A5 Watling Street
Lutterworth
LE17 4QU
GBR",17,316
Hoddesdon Distribution Ltd,"Melford Road Righead Industrial Estate
Bellshill
ML4  3QD
GBR",11,970
Hoddesdon Distribution Ltd,"Milton Park Milton
Abingdon
OX14 4TF
GBR",2,17
Hoddesdon Distribution Ltd,"Milton Park Milton
Abingdon
OX14 4TF
GBR",18,296
Hoddesdon Distribution Ltd,"Newhouse Farm Ind Est
Chepstow
NP6 6UD
GBR",3,52
Hoddesdon Distribution Ltd,"Newhouse Farm Ind Est
Chepstow
NP6 6UD
GBR",15,393
Hoddesdon Distribution Ltd,"Quality Foods 34- 62 Staines Road Hounslow
Hounslow
TW3 3LZ
GBR",6,205
Hoddesdon Distribution Ltd,"Rockingham Way Redhouse Interchange
Doncaster
DN6 7FB
GBR",3,83
Hoddesdon Distribution Ltd,"Rockingham Way Redhouse Interchange
Doncaster
DN6 7FB
GBR",4,111
Hoddesdon Distribution Ltd,"Rockingham Way Redhouse Interchange
Doncaster
DN6 7FB
GBR",8,221
Hoddesdon Distribution Ltd,"South bridge way The Green
Southall
UB2 4AX
GBR",5,168
Hoddesdon Distribution Ltd,"Unit 1a River Park Industrial Estate Billet Lane
Berkhamsted
HP4 1HL
GBR",4,160
Hoddesdon Distribution Ltd,"Wakefield 41 Ind Est
Wakefield
WF2 0XF
GBR",17.29,416
DHL Global Forwarding UK Ltd,"3 Avenue de Br?hat Villebon-sur-Yvette 
91140Essonne
FRA",4,750
Hoddesdon Distribution Ltd,"16 Cornwall Road
Smethwick
Birmingham
Birmingham
B66 2JS
GBR",5,195
Hoddesdon Distribution Ltd,"Davy Close Park Farm Ind Est
Wellingborough
NN8 6XX
GBR",18,330
Lenham Storage Co Ltd,"Andover Business Park Pioneer Road
Andover
SP11 8EZ
GBR",5,124.75
Lenham Storage Co Ltd,"Unit 2D Central Boulevard Prologis Park    Coventry
Coventry
CV6 4BX
GBR",9,243.18
Salvatori Medway Ltd,"Sonali Supermarket Birmingham ltd Lozells Road
Birmingham
B192TN
GBR",3,100.5
Hoddesdon Distribution Ltd,"1 Uxbridge Road Hayes
hayes
UB4 0JU
GBR",10,240
Hoddesdon Distribution Ltd,"Crossways Business Park Galleon Boulevard
Dartford
DA2 6QL
GBR",2,9
Hoddesdon Distribution Ltd,"Crossways Business Park Galleon Boulevard
Dartford
DA2 6QL
GBR",24,207
Hoddesdon Distribution Ltd,"Windmill Lane
Southall
UB2 4NA
GBR",5,186
Lenham Storage Co Ltd,"Drum Ind Est Chester-Le-Street
Durham
DH2 1AE
GBR",5,278.19
Lenham Storage Co Ltd,"Popular Way West Cabot park Avonmouth  Bristol
Bristol
BS11 0YW
GBR",5,196.26
Lenham Storage Co Ltd,"Rutherford Drive Park Farm
South Wellingborough
NN8 6AQ
GBR",8,229.4
Lenham Storage Co Ltd,"Unit 2D Central Boulevard Prologis Park    Coventry
Coventry
CV6 4BX
GBR",3,81.06
Lenham Storage Co Ltd,"Unit B Farmwell Lane Castlewood Business Park South Normanton
Alferton
NG17 1JF
GBR",5,220.87
Salvatori Medway Ltd,"675A Mitcham Road
Croydon
CR0 3AF
GBR",1,41
Fercam Austria Gmbh,"Schaferhauser Str. 2/2
73240Wendlingen
DEU",25,670
Hoddesdon Distribution Ltd,"7 Distribution Center 7500 Skyline Drive
Warrington
WA5 3TP
GBR",2,20
Hoddesdon Distribution Ltd,"7 Distribution Center 7500 Skyline Drive
Warrington
WA5 3TP
GBR",21,430
Hoddesdon Distribution Ltd,"Altendiez Way
Burton Latimer
NN15 5YT
GBR",14,310
Hoddesdon Distribution Ltd,"Cob Drive Swan Valley
Northampton
NN4 9BB
GBR",3,200
Hoddesdon Distribution Ltd,"Earlsgate Park Earls Road   Grangemouth  Stirlingshire
Stirlingshire
FK3 8UZ
GBR",1,41
Hoddesdon Distribution Ltd,"Earlsgate Park Earls Road   Grangemouth  Stirlingshire
Stirlingshire
FK3 8UZ
GBR",23,949
Hoddesdon Distribution Ltd,"Greencore Prepared Foods Hownsgill Park Consett Co. Durham
Co Durahm
DH8 7NU
GBR",10,540
Hoddesdon Distribution Ltd,"HAYDOCK IND EST HAYDOCK
St Helens
WA11 9WD
GBR",11,450
Hoddesdon Distribution Ltd,"K ing St Rudheath (A556/A533)
Northwich
CW9 7WA
GBR",13,366
Hoddesdon Distribution Ltd,"Magna Park A5 Watling Street
Lutterworth
LE17 4QU
GBR",1,14
Hoddesdon Distribution Ltd,"Magna Park A5 Watling Street
Lutterworth
LE17 4QU
GBR",23,321
Hoddesdon Distribution Ltd,"Main Warehouse Bays 10 to 13 Gousto C O Bowmans Chilled Stores Camel Gate
Spalding
PE12 6HA
GBR",24,410
Lenham Storage Co Ltd,"Rutherford Drive Park Farm
South Wellingborough
NN8 6AQ
GBR",5,179.89
Lenham Storage Co Ltd,"Wincanton Elton Head oad
St Helens
WA9 5AX
GBR",10,321.51
Hoddesdon Distribution Ltd,"Atlas Wharf Berkshire Road
London
E9 5NB
GBR",13,240
Hoddesdon Distribution Ltd,"Furnham Rd
Chard
TA20 1AA
GBR",5,265
Hoddesdon Distribution Ltd,"Hailey Rd. Business Park
Erith
DA18 4AR
GBR",13,215
Hoddesdon Distribution Ltd,"Kings Road
Bridgwater
TA6 4FG
GBR",17,425
Hoddesdon Distribution Ltd,"Melford Road Righead Industrial Estate
Bellshill
ML4  3QD
GBR",7,970
Hoddesdon Distribution Ltd,"Trading as Quality Foods 49-61 South Road
Southall
UB1 1SQ
GBR",4,150
Hoddesdon Distribution Ltd,"Wakefield 41 Ind Est
Wakefield
WF2 0XF
GBR",18,396
Barron Wood Distribution Ltd,"Keurweg 24  

5145NX Waalwijk 
NLD",26,495
Lenham Storage Co Ltd,"401 Edinburgh Road Newhouse  Motherwell  North Lanarkshire
Motherwell
ML1 5GH
GBR",6,371.05
Lenham Storage Co Ltd,"401 Edinburgh Road Newhouse  Motherwell  North Lanarkshire
Motherwell
ML1 5GH
GBR",6,415.02
Lenham Storage Co Ltd,"Andover Business Park Pioneer Road
Andover
SP11 8EZ
GBR",5,124.75
Lenham Storage Co Ltd,"Drum Ind Est Chester-Le-Street
Durham
DH2 1AE
GBR",5,278.18
Lenham Storage Co Ltd,"Oliver Road
West Thurrock
RM20 3EN
GBR",5,109.15
Lenham Storage Co Ltd,"Unit B Farmwell Lane Castlewood Business Park South Normanton
Alferton
NG17 1JF
GBR",6,220.87
Hoddesdon Distribution Ltd,"2 Mandarin Way Pattison Ind. Estate District 15
Washington
NE38 8QA
GBR",1,40
Hoddesdon Distribution Ltd,"2 Mandarin Way Pattison Ind. Estate District 15
Washington
NE38 8QA
GBR",15,600
Hoddesdon Distribution Ltd,"21 High View Close
Hamilton Office Park
Leicester
LE4 PEX
GBR",5,195
Hoddesdon Distribution Ltd,"49 ramsay street
Rochdale
OL16 2BX
GBR",5.05,370
Hoddesdon Distribution Ltd,"7 Distribution Center 7500 Skyline Drive
Warrington
WA5 3TP
GBR",1,28
Hoddesdon Distribution Ltd,"7 Distribution Center 7500 Skyline Drive
Warrington
WA5 3TP
GBR",16,442
Hoddesdon Distribution Ltd,"7 Distribution Center 7500 Skyline Drive
Warrington
WA5 3TP
GBR",25,470
Hoddesdon Distribution Ltd,"Altendiez Way
Burton Latimer
NN15 5YT
GBR",14,420
Hoddesdon Distribution Ltd,"Ash Road South Wrexham Ind Estate
Wrexham, Wales
LL13 9UG
GBR",13,445
Hoddesdon Distribution Ltd,"Earlsgate Park Earls Road   Grangemouth  Stirlingshire
Stirlingshire
FK3 8UZ
GBR",1,62
Hoddesdon Distribution Ltd,"Earlsgate Park Earls Road   Grangemouth  Stirlingshire
Stirlingshire
FK3 8UZ
GBR",15,928
Hoddesdon Distribution Ltd,"Foxbridge Way Off Pontefract Road Normanton
Wakefield
WF6 1TN
GBR",1,51
Hoddesdon Distribution Ltd,"Foxbridge Way Off Pontefract Road Normanton
Wakefield
WF6 1TN
GBR",16,379
Hoddesdon Distribution Ltd,"K ing St Rudheath (A556/A533)
Northwich
CW9 7WA
GBR",19,428
Hoddesdon Distribution Ltd,"Kings Road
Bridgwater
TA6 4FG
GBR",15,475
Hoddesdon Distribution Ltd,"Magna Park A5 Watling Street
Lutterworth
LE17 4QU
GBR",3,19
Hoddesdon Distribution Ltd,"Magna Park A5 Watling Street
Lutterworth
LE17 4QU
GBR",15,278
Hoddesdon Distribution Ltd,"Milton Park Milton
Abingdon
OX14 4TF
GBR",1,16
Hoddesdon Distribution Ltd,"Milton Park Milton
Abingdon
OX14 4TF
GBR",19,298
Hoddesdon Distribution Ltd,"Newhouse Farm Ind Est
Chepstow
NP6 6UD
GBR",1,22
Hoddesdon Distribution Ltd,"Newhouse Farm Ind Est
Chepstow
NP6 6UD
GBR",19,423
Hoddesdon Distribution Ltd,"Penzance Drive Churchward Park
Swindon
SN5 7JF
GBR",5,295
Hoddesdon Distribution Ltd,"Quality Foods 34- 62 Staines Road Hounslow
Hounslow
TW3 3LZ
GBR",5,160
Hoddesdon Distribution Ltd,"Rockingham Way Redhouse Interchange
Doncaster
DN6 7FB
GBR",6,104
Hoddesdon Distribution Ltd,"Rockingham Way Redhouse Interchange
Doncaster
DN6 7FB
GBR",6,207
Lenham Storage Co Ltd,"Murrayfield Road  Braunstone Frith Ind Estate   
Leicester
LE3 1UW
GBR",6,218.84
Lenham Storage Co Ltd,"Unit 2D Central Boulevard Prologis Park    Coventry
Coventry
CV6 4BX
GBR",12,324.24
Salvatori Medway Ltd,"14 Leofric SquareVicragefarm Road
Peterborough
PE1 5TU
GBR",3,100.5
Salvatori Medway Ltd,"Stonehouse Street Lithorpe
Middlesborough
TS5 6HR
GBR",3,115.5
Salvatori Medway Ltd,"Trading as Quality Foods 49-61 South Road
Southall
UB1 1SQ
GBR",3,99
Hoddesdon Distribution Ltd,"237 -239 South Road 
Birmingham
B18 5JS
GBR",13,325
Hoddesdon Distribution Ltd,"Crossways Business Park Galleon Boulevard
Dartford
DA2 6QL
GBR",21,225
Hoddesdon Distribution Ltd,"Do not use staples in PW Langley Park Chalk Lane
Sutton Bridge
PE12 9YF
GBR",12,330
Hoddesdon Distribution Ltd,"Main Warehouse Bays 10 to 13 Gousto C O Bowmans Chilled Stores Camel Gate
Spalding
PE12 6HA
GBR",8,340
Hoddesdon Distribution Ltd,"Melford Road Righead Industrial Estate
Bellshill
ML4  3QD
GBR",9,873
Hoddesdon Distribution Ltd,"Milton Park Milton
Abingdon
OX14 4TF
GBR",1,16
Hoddesdon Distribution Ltd,"Wakefield 41 Ind Est
Wakefield
WF2 0XF
GBR",23,440
Lenham Storage Co Ltd,"Andover Business Park Pioneer Road
Andover
SP11 8EZ
GBR",5,124.75
Lenham Storage Co Ltd,"Oliver Road
West Thurrock
RM20 3EN
GBR",7,152.81
Lenham Storage Co Ltd,"Unit 2D Central Boulevard Prologis Park    Coventry
Coventry
CV6 4BX
GBR",7,189.14
Lenham Storage Co Ltd,"Wincanton Elton Head oad
St Helens
WA9 5AX
GBR",6,261.39
Salvatori Medway Ltd,"265-269 Linthorpe Road
Middlesbrough
TS1 4AS
GBR",3,115.5
Salvatori Medway Ltd,"7 Solar WayInova Park
Enfield
EN3 7XY
GBR",3,108
Salvatori Medway Ltd,"Unit A Trafalgar CentreBelfield Road
Rochdale
OL16 2UX
GBR",3,100.5
Hoddesdon Distribution Ltd,"5 Solar Way Innova Park
Enfield
EN3 7XY
GBR",5,180
Hoddesdon Distribution Ltd,"Atlas Wharf Berkshire Road
London
E9 5NB
GBR",26,265
Hoddesdon Distribution Ltd,"Crossways Business Park Galleon Boulevard
Dartford
DA2 6QL
GBR",25,225
Hoddesdon Distribution Ltd,"Davy Close Park Farm Ind Est
Wellingborough
NN8 6XX
GBR",14,310
Hoddesdon Distribution Ltd,"Golden House Golden Bus Park Orient Way
Leyton
E10 7FE
GBR",10,220
Hoddesdon Distribution Ltd,"Greencore Prepared Foods Hownsgill Park Consett Co. Durham
Co Durahm
DH8 7NU
GBR",10,540
Hoddesdon Distribution Ltd,"Newhouse Farm Ind Est
Chepstow
NP6 6UD
GBR",26,445
Lenham Storage Co Ltd,"Popular Way West Cabot park Avonmouth  Bristol
Bristol
BS11 0YW
GBR",6,218.84
Lenham Storage Co Ltd,"Unit B Farmwell Lane Castlewood Business Park South Normanton
Alferton
NG17 1JF
GBR",6,246.08
Roche freight Ireland Ltd,"Killamonan Road The Ward Co.Dublin
Co dublin
DublinDublin
IRL",3.65,594.6
Hoddesdon Distribution Ltd,"169 Ettingshall Road
Wolverhampton
WV2 2RB
GBR",7,275
Hoddesdon Distribution Ltd,"2 Mandarin Way Pattison Ind. Estate District 15
Washington
NE38 8QA
GBR",10,550
Hoddesdon Distribution Ltd,"7 Distribution Center 7500 Skyline Drive
Warrington
WA5 3TP
GBR",17,470
Hoddesdon Distribution Ltd,"Cob Drive Swan Valley
Northampton
NN4 9BB
GBR",26,320
Hoddesdon Distribution Ltd,"Earlsgate Park Earls Road   Grangemouth  Stirlingshire
Stirlingshire
FK3 8UZ
GBR",18,990
Hoddesdon Distribution Ltd,"Foxbridge Way Off Pontefract Road Normanton
Wakefield
WF6 1TN
GBR",19,430
Hoddesdon Distribution Ltd,"Magna Park A5 Watling Street
Lutterworth
LE17 4QU
GBR",2,19
Hoddesdon Distribution Ltd,"Magna Park A5 Watling Street
Lutterworth
LE17 4QU
GBR",21,271
Hoddesdon Distribution Ltd,"Magna Park A5 Watling Street
Lutterworth
LE17 4QU
GBR",17,297
Hoddesdon Distribution Ltd,"Milton Park Milton
Abingdon
OX14 4TF
GBR",2,28
Hoddesdon Distribution Ltd,"Milton Park Milton
Abingdon
OX14 4TF
GBR",20,288
Hoddesdon Distribution Ltd,"Regional Distribution center 7502 Norman Road Belvedere
Bexley
DA17 6JY
GBR",8,200
Hoddesdon Distribution Ltd,"Wag Hardwick Grange
Willston
WA1 4RJ
GBR",5,370
Lenham Storage Co Ltd,"401 Edinburgh Road Newhouse  Motherwell  North Lanarkshire
Motherwell
ML1 5GH
GBR",8,477.85
DHL Express Ltd,"3 Avenue de Br?hat Villebon-sur-Yvette 
91140Essonne
FRA",5,695
Hoddesdon Distribution Ltd,"44 Watts Grove
Bow
E3 3RE
GBR",8,205
Hoddesdon Distribution Ltd,"5 Solar Way Innova Park
Enfield
EN3 7XY
GBR",5,180
Hoddesdon Distribution Ltd,"Altendiez Way
Burton Latimer
NN15 5YT
GBR",26,294
Hoddesdon Distribution Ltd,"Altendiez Way
Burton Latimer
NN15 5YT
GBR",26,320
Hoddesdon Distribution Ltd,"Berkshire Road London
London
E9 5NB
GBR",5,160
Hoddesdon Distribution Ltd,"Do not use staples in PW Laburnum Farm Old Leake 
Boston
PE22 9PN
GBR",3,235
Hoddesdon Distribution Ltd,"Hailey Rd. Business Park
Erith
DA18 4AR
GBR",1,14
Hoddesdon Distribution Ltd,"Hailey Rd. Business Park
Erith
DA18 4AR
GBR",14,201
Hoddesdon Distribution Ltd,"K ing St Rudheath (A556/A533)
Northwich
CW9 7WA
GBR",26,450
Hoddesdon Distribution Ltd,"Kings Road
Bridgwater
TA6 4FG
GBR",25,475
Hoddesdon Distribution Ltd,"Magna Park A5 Watling Street
Lutterworth
LE17 4QU
GBR",5,19
Hoddesdon Distribution Ltd,"Manchester Superstore, Florence St, 
Bradford
BD3 8EX
GBR",3,165
Hoddesdon Distribution Ltd,"Melford Road Righead Industrial Estate
Bellshill
ML4  3QD
GBR",14,970
Hoddesdon Distribution Ltd,"Milton Park Milton
Abingdon
OX14 4TF
GBR",1,14
Hoddesdon Distribution Ltd,"Penzance Drive Churchward Park
Swindon
SN5 7JF
GBR",5,295
Hoddesdon Distribution Ltd,"Unit 19 Small HeathTrading Estate Armoury Road
Birmingham
B11 2RJ
GBR",4,162
Hoddesdon Distribution Ltd,"VIA LEA BRIDGE RD & ARGALL WAY
LEYTON
E10 7AS
GBR",3.79,145
Hoddesdon Distribution Ltd,"Wakefield 41 Ind Est
Wakefield
WF2 0XF
GBR",42,440
Lenham Storage Co Ltd,"Popular Way West Cabot park Avonmouth  Bristol
Bristol
BS11 0YW
GBR",9,267.03
Lenham Storage Co Ltd,"Unit 2D Central Boulevard Prologis Park    Coventry
Coventry
CV6 4BX
GBR",15,385.95
Salvatori Medway Ltd,"Unit 8198 Camford Way
Luton
LU33AN
GBR",3,108
Hoddesdon Distribution Ltd,"7 Distribution Center 7500 Skyline Drive
Warrington
WA5 3TP
GBR",1,26
Hoddesdon Distribution Ltd,"7 Distribution Center 7500 Skyline Drive
Warrington
WA5 3TP
GBR",18,444
Hoddesdon Distribution Ltd,"7 Distribution Center 7500 Skyline Drive
Warrington
WA5 3TP
GBR",26,470
Hoddesdon Distribution Ltd,"A Division of Samworth Brothers Limited- Oak Spinney Park Ratby Lane Forest East
Leicester
LE3 3JZ
GBR",2,210
Hoddesdon Distribution Ltd,"Altendiez Way
Burton Latimer
NN15 5YT
GBR",22,306
Hoddesdon Distribution Ltd,"Ash Road South Wrexham Industrial Estate  Clwyd  Wrexham
Wrexham, Wales
LL13 9UG
GBR",18,460
Hoddesdon Distribution Ltd,"Cob Drive Swan Valley
Northampton
NN4 9BB
GBR",1,22
Hoddesdon Distribution Ltd,"Cob Drive Swan Valley
Northampton
NN4 9BB
GBR",13,288
Hoddesdon Distribution Ltd,"Crossways Business Park Galleon Boulevard
Dartford
DA2 6QL
GBR",2,18
Hoddesdon Distribution Ltd,"Crossways Business Park Galleon Boulevard
Dartford
DA2 6QL
GBR",24,207
Hoddesdon Distribution Ltd,"Earlsgate Park Earls Road   Grangemouth  Stirlingshire
Stirlingshire
FK3 8UZ
GBR",21,990
Hoddesdon Distribution Ltd,"Foxbridge Way Off Pontefract Road Normanton
Wakefield
WF6 1TN
GBR",21,430
Hoddesdon Distribution Ltd,"K ing St Rudheath (A556/A533)
Northwich
CW9 7WA
GBR",25,433
Hoddesdon Distribution Ltd,"Kings Road
Bridgwater
TA6 4FG
GBR",18,475
Hoddesdon Distribution Ltd,"Magna Park A5 Watling Street
Lutterworth
LE17 4QU
GBR",1,17
Hoddesdon Distribution Ltd,"Magna Park A5 Watling Street
Lutterworth
LE17 4QU
GBR",3,50
Hoddesdon Distribution Ltd,"Magna Park A5 Watling Street
Lutterworth
LE17 4QU
GBR",17,268
Hoddesdon Distribution Ltd,"Milton Park Milton
Abingdon
OX14 4TF
GBR",2,16
Hoddesdon Distribution Ltd,"Milton Park Milton
Abingdon
OX14 4TF
GBR",20,298
Hoddesdon Distribution Ltd,"Mr Shabir Ahmed36 Park Road Oldham
Oldham
OL8 1DB
GBR",4,225
Hoddesdon Distribution Ltd,"Newhouse Farm Ind Est
Chepstow
NP6 6UD
GBR",24,445
Hoddesdon Distribution Ltd,"Rockingham Way Redhouse Interchange
Doncaster
DN6 7FB
GBR",3,75
Hoddesdon Distribution Ltd,"Rockingham Way Redhouse Interchange
Doncaster
DN6 7FB
GBR",6,150
Hoddesdon Distribution Ltd,"Rockingham Way Redhouse Interchange
Doncaster
DN6 7FB
GBR",8,200
Hoddesdon Distribution Ltd,"South bridge way The Green
Southall
UB2 4AX
GBR",5,168
Hoddesdon Distribution Ltd,"Unit 2, Derby Shopping Centre

Bolton
BL3 5BP
GBR",3,158
Hoddesdon Distribution Ltd,"Unit 6
Drome Road

Deeside
CH5 2NY
GBR",4,310
Hoddesdon Distribution Ltd,"Unit8 Anchor Business Park Featherstall Road North
Oldham
OL9 6AZ
GBR",8,330
Hoddesdon Distribution Ltd,"Wakefield 41 Ind Est
Wakefield
WF2 0XF
GBR",26,440
Lenham Storage Co Ltd,"Murrayfield Road  Braunstone Frith Ind Estate   
Leicester
LE3 1UW
GBR",3,126.51
Lenham Storage Co Ltd,"Unit 2D Central Boulevard Prologis Park    Coventry
Coventry
CV6 4BX
GBR",7,189.14
Hoddesdon Distribution Ltd,"169 Ettingshall Road
Wolverhampton
WV2 2RB
GBR",15,325
Hoddesdon Distribution Ltd,"730 Oxford Road,
Reading
RG30 1EH
GBR",6,250
Hoddesdon Distribution Ltd,"Hilbert House
New Street

Manchester
M40 8AW
GBR",6,330
Hoddesdon Distribution Ltd,"Melford Road Righead Industrial Estate
Bellshill
ML4  3QD
GBR",17,842
Hoddesdon Distribution Ltd,"Newhouse Farm Ind Est
Chepstow
NP6 6UD
GBR",26,445
Hoddesdon Distribution Ltd,"Quality Foods 34- 62 Staines Road Hounslow
Hounslow
TW3 3LZ
GBR",5,160
Hoddesdon Distribution Ltd,"Sonali Supermarket Birmingham ltd Lozells Road
Birmingham
B192TN
GBR",6,250
Hoddesdon Distribution Ltd,"Wakefield 41 Ind Est
Wakefield
WF2 0XF
GBR",4,280
Lenham Storage Co Ltd,"Andover Business Park Pioneer Road
Andover
SP11 8EZ
GBR",5,124.75
Lenham Storage Co Ltd,"Oliver Road
West Thurrock
RM20 3EN
GBR",7,152.81
Lenham Storage Co Ltd,"Rutherford Drive Park Farm
South Wellingborough
NN8 6AQ
GBR",8,229.4
DHL Express Ltd,"1 avenue de Brehat
91140Villebon-sur-Yvette
FRA",5,750
Hoddesdon Distribution Ltd,"Booth Drive Parkfarm Ind. Estate    Wellingborough  Northants
Wellingborough
NN8 6GR
GBR",3,145
Hoddesdon Distribution Ltd,"c/o DHL Foxhills Ind Est
Scunthorpe
DN159YA
GBR",18,450
Hoddesdon Distribution Ltd,"Cameron Wood  Nettlehill Rd Houston Industrial Estate
LIVINGSTON
EH54 5DL
GBR",5,600
Hoddesdon Distribution Ltd,"Crossways Business Park Galleon Boulevard
Dartford
DA2 6QL
GBR",2,9
Hoddesdon Distribution Ltd,"Crossways Business Park Galleon Boulevard
Dartford
DA2 6QL
GBR",24,208
Hoddesdon Distribution Ltd,"Davy Close Park Farm Ind Est
Wellingborough
NN8 6XX
GBR",14,310
Hoddesdon Distribution Ltd,"HAYDOCK IND EST HAYDOCK
St Helens
WA11 9WD
GBR",11,450
Lenham Storage Co Ltd,"Popular Way West Cabot park Avonmouth  Bristol
Bristol
BS11 0YW
GBR",5,196.26
Lenham Storage Co Ltd,"Unit 2D Central Boulevard Prologis Park    Coventry
Coventry
CV6 4BX
GBR",6,162.12
Roche freight Ireland Ltd,"Killamonan Road The Ward Co.Dublin
Co dublin
DublinDublin
IRL",2.44,414
Salvatori Medway Ltd,"Upper Thomas Street
Aston
Birmingham
B6 5AD
GBR",3,100.5
Hoddesdon Distribution Ltd,"2 Mandarin Way Pattison Ind. Estate District 15
Washington
NE38 8QA
GBR",14,550
Hoddesdon Distribution Ltd,"7 Distribution Center 7500 Skyline Drive
Warrington
WA5 3TP
GBR",18,470
Hoddesdon Distribution Ltd,"Earlsgate Park Earls Road   Grangemouth  Stirlingshire
Stirlingshire
FK3 8UZ
GBR",18,990
Hoddesdon Distribution Ltd,"Foxbridge Way Off Pontefract Road Normanton
Wakefield
WF6 1TN
GBR",1,21
Hoddesdon Distribution Ltd,"Foxbridge Way Off Pontefract Road Normanton
Wakefield
WF6 1TN
GBR",19,409
Hoddesdon Distribution Ltd,"Greencore Food to go Spalding Wardentree Lane Pinchbeck
Spalding
PE11 3UY
GBR",2,200
Hoddesdon Distribution Ltd,"Greencore Prepared Foods Hownsgill Park Consett Co. Durham
Co Durahm
DH8 7NU
GBR",10,540
Hoddesdon Distribution Ltd,"Magna Park A5 Watling Street
Lutterworth
LE17 4QU
GBR",19,335
Hoddesdon Distribution Ltd,"Milton Park Milton
Abingdon
OX14 4TF
GBR",1,16
Hoddesdon Distribution Ltd,"Milton Park Milton
Abingdon
OX14 4TF
GBR",22,314
Hoddesdon Distribution Ltd,"South bridge way The Green
Southall
UB2 4AX
GBR",6,210
Hoddesdon Distribution Ltd,"Altendiez Way
Burton Latimer
NN15 5YT
GBR",19,304
Hoddesdon Distribution Ltd,"K ing St Rudheath (A556/A533)
Northwich
CW9 7WA
GBR",7,333
Hoddesdon Distribution Ltd,"Kings Road
Bridgwater
TA6 4FG
GBR",10,423
Hoddesdon Distribution Ltd,"Melford Road Righead Industrial Estate
Bellshill
ML4  3QD
GBR",4,554
Hoddesdon Distribution Ltd,"T/A IqbroUnit 3 C Button End Industrial Estate Button End
Harston
CB22 7GX
GBR",5,200
Hoddesdon Distribution Ltd,"Wakefield 41 Ind Est
Wakefield
WF2 0XF
GBR",14,411
Hoddesdon Distribution Ltd,"Furnham Rd
Chard
TA20 1AA
GBR",3,265
