,PURCHNAME,DELIVERY_LOCATION,LINEAMOUNT,PALLETS ,knn_prediction
0,Hoddesdon Distribution Ltd,"Mr Shabir Ahmed36 Park Road Oldham
Oldham
OL8 1DB
GBR",275.0,5.0,109.73571428571428
1,Lenham Storage Co. Ltd,"Waitrose National Dist Ctre Atkinson Way
Milton Keynes
MK17 8FF
GBR",162.63,14.0,148.66714285714284
2,Lenham Storage Co. Ltd,"Waitrose National Dist Ctre Atkinson Way
Milton Keynes
MK17 8FF
GBR",189.74,12.0,148.66714285714286
3,Roche freight (Ireland) Ltd,"Killamonan Road The Ward Co.Dublin
Co dublin
DublinDublin
IRL",305.24,1.83,402.26000000000005
4,Lenham Storage Co. Ltd,"Unit 2D Central Boulevard Prologis Park    Coventry
Coventry
CV6 4BX
GBR",135.1,31.0,293.9942857142857
5,Shakespeare Transport Ltd,"UNIT 24 WHOLESALE FRUIT CENTRE 
CARDIFF, Wales
CF11 8BB
GBR",126.9,3.0,103.68571428571428
6,Roche freight (Ireland) Ltd,"Killamonan Road The Ward Co.Dublin
Co dublin
DublinDublin
IRL",305.24,1.83,402.26000000000005
7,Hoddesdon Distribution Ltd,"A Division of Samworth Brothers Limited- Oak Spinney Park Ratby Lane Forest East
Leicester
LE3 3JZ
GBR",200.0,1.0,99.85714285714286
8,Lenham Storage Co. Ltd,"Andover Business Park Pioneer Road
Andover
SP11 8EZ
GBR",174.65,8.0,128.52285714285716
9,Lenham Storage Co. Ltd,"Popular Way West
Cabot park
Avonmouth
Bristol
BS11 0YW
GBR",251.16,10.0,255.3942857142857
10,Lenham Storage Co. Ltd,"Unit 2D Central Boulevard Prologis Park    Coventry
Coventry
CV6 4BX
GBR",366.42,15.0,255.39428571428567
11,Lenham Storage Co. Ltd,"Wincanton Elton Head oad
St Helens
WA9 5AX
GBR",234.49,7.0,245.90857142857138
12,Hoddesdon Distribution Ltd,"M & S Distribution Centre  Pro Logis Park. Newhall Way 
Bradford
BD5 8L
GBR",440.0,21.0,282.7142857142857
13,Roche freight (Ireland) Ltd,"Killamonan Road The Ward Co.Dublin
Co dublin
DublinDublin
IRL",685.44,4.87,492.7242857142857
14,Hoddesdon Distribution Ltd,"Altendiez Way
Burton Latimer
NN15 5YT
GBR",243.0,19.0,293.2857142857143
15,Lenham Storage Co. Ltd,"Popular Way West Cabot park Avonmouth  Bristol
Bristol
BS11 0YW
GBR",346.01,15.0,234.80142857142854
16,Lenham Storage Co. Ltd,"Rutherford Drive Park Farm
South Wellingborough
NN8 6AQ
GBR",219.26,12.0,207.7157142857143
17,Lenham Storage Co. Ltd,"Unit 2D Central Boulevard Prologis Park    Coventry
Coventry
CV6 4BX
GBR",422.32,26.0,293.9942857142857
18,Lenham Storage Co. Ltd,"Unit B Farmwell Lane Castlewood Business Park South Normanton
Alferton
NG17 1JF
GBR",343.84,15.0,262.8542857142857
19,Lenham Storage Co. Ltd,"Wincanton Elton Head oad
St Helens
WA9 5AX
GBR",151.17,5.0,195.35999999999999
20,Shakespeare Transport Ltd,"63 Ifield Road
Crawley
RH11 7AS
GBR",94.6,2.0,32.22857142857143
21,Shakespeare Transport Ltd,"Unit 12- 13 Valley Road Business ParkValley Road
Keighley
BD21 4LZ
GBR",120.15,3.0,95.02142857142857
22,Hoddesdon Distribution Ltd,"Resturant Wholesale London Works Ripple Road
London
IG11 0SY
GBR",180.0,4.0,100.41428571428571
23,Shakespeare Transport Ltd,"Hulme Hall Lane Lord North Street Miles Platting
Manchester
M40 8AD
GBR",120.15,3.0,67.45
24,Shakespeare Transport Ltd,"Southbridge Way The Green
Southall
UB2 4AX
GBR",148.05,3.0,47.864285714285714
25,Shakespeare Transport Ltd,"Unit 7 Chiley Industrial Est Pump Lane
Hayes
UB3 3NB
GBR",148.05,3.0,49.721428571428575
26,Lenham Storage Co. Ltd,"Rutherford Drive Park Farm
South Wellingborough
NN8 6AQ
GBR",179.89,11.0,207.7157142857143
27,Hoddesdon Distribution Ltd,"7 Distribution Center 7500 Skyline Drive
Warrington
WA5 3TP
GBR",432.0,24.0,436.2857142857143
28,Hoddesdon Distribution Ltd,"Crossways Business Park Galleon Boulevard
Dartford
DA2 6QL
GBR",16.0,23.0,174.71428571428572
29,Hoddesdon Distribution Ltd,"Wakefield 41 Ind Est
Wakefield
WF2 0XF
GBR",394.0,17.0,349.85714285714283
30,Lenham Storage Co. Ltd,"Unit 2D Central Boulevard Prologis Park    Coventry
Coventry
CV6 4BX
GBR",81.06,11.0,255.3942857142857
31,Shakespeare Transport Ltd,"2 Princess Road  West Sussex
Crawley
RH11 7BJ
GBR",94.6,1.97,136.64285714285714
32,Shakespeare Transport Ltd,"228 Portland Road
Hove
BN3 5QT
GBR",141.9,3.0,48.84285714285714
33,Shakespeare Transport Ltd,"46 Bishopscote Road
Luton
LU3 1PB
GBR",120.15,3.0,22.571428571428573
34,Shakespeare Transport Ltd,"84 Toryglen Street
Glasgow
G5 0BH
GBR",277.75,5.0,219.8642857142857
35,Shakespeare Transport Ltd,"9 Tweedale Street
Rochdale
OL11 1HH
GBR",120.15,3.0,40.59285714285714
36,Lenham Storage Co. Ltd,"401 Edinburgh Road Newhouse  Motherwell  North Lanarkshire
Motherwell
ML1 5GH
GBR",239.28,6.0,399.89285714285717
37,Shakespeare Transport Ltd,"55-56 St Mary's Road
Southampton
SO14 0BH
GBR",129.45,3.0,56.378571428571426
38,Hoddesdon Distribution Ltd,"44 Watts Grove
Bow
E3 3RE
GBR",205.0,7.0,158.57142857142858
39,Hoddesdon Distribution Ltd,"Furnham Rd
Chard
TA20 1AA
GBR",265.0,5.0,283.57142857142856
40,Hoddesdon Distribution Ltd,"Magna Park A5 Watling Street
Lutterworth
LE17 4QU
GBR",287.0,23.0,298.2857142857143
41,Hoddesdon Distribution Ltd,"Unit 1553 Lewisher Road
Leicester
LE4 9LR
GBR",195.0,4.5,239.57142857142858
42,Hoddesdon Distribution Ltd,"Unit 1553 Lewisher Road
Leicester
LE4 9LR
GBR",390.0,2.5,232.85714285714286
43,Lenham Storage Co. Ltd,"Oliver Road
West Thurrock
RM20 3EN
GBR",109.15,5.0,116.35428571428572
44,Shakespeare Transport Ltd,"Unit 8 Midland Street Ardwick
Manchester
M12 6LB
GBR",120.15,3.0,55.57142857142857
45,Hoddesdon Distribution Ltd,"T/A IqbroUnit 3 C Button End Industrial Estate Button End
Harston
CB22 7GX
GBR",170.0,5.0,133.71428571428572
46,Lenham Storage Co. Ltd,"Andover Business Park Pioneer Road
Andover
SP11 8EZ
GBR",99.8,5.0,128.52285714285713
47,Lenham Storage Co. Ltd,"Unit 2D Central Boulevard Prologis Park    Coventry
Coventry
CV6 4BX
GBR",81.06,21.0,286.27428571428567
48,Lenham Storage Co. Ltd,"Unit 2D Central Boulevard Prologis Park    Coventry
Coventry
CV6 4BX
GBR",243.18,27.0,293.9942857142857
49,DHL Express Ltd,"3 Avenue de Br?hat Villebon-sur-Yvette 
91140Essonne
FRA",695.0,3.0,126.85714285714286
50,Hoddesdon Distribution Ltd,"Cob Drive Swan Valley
Northampton
NN4 9BB
GBR",200.0,3.0,177.0
51,Hoddesdon Distribution Ltd,"Cob Drive Swan Valley
Northampton
NN4 9BB
GBR",304.0,19.0,313.14285714285717
52,Hoddesdon Distribution Ltd,"Davy Close Park Farm Ind Est
Wellingborough
NN8 6XX
GBR",270.0,22.0,310.0
53,Hoddesdon Distribution Ltd,"Do not use staples in PW Langley Park Chalk Lane
Sutton Bridge
PE12 9YF
GBR",330.0,10.0,417.14285714285717
54,Hoddesdon Distribution Ltd,"Seafield Lane Beoley 
Worcestershire
Redditch 
B98 9DB
GBR",225.0,5.0,192.0
55,Hoddesdon Distribution Ltd,"UNIT 5 RIVERSIDE Way
WAYUXBRIDGE
UB8 2YF
GBR",145.0,3.0,39.5
56,Lenham Storage Co. Ltd,"Oliver Road
West Thurrock
RM20 3EN
GBR",109.15,6.0,126.30285714285715
57,Lenham Storage Co. Ltd,"Rutherford Drive Park Farm
South Wellingborough
NN8 6AQ
GBR",199.99,8.0,207.71571428571428
58,Shakespeare Transport Ltd,"7 Solar WayInova Park
Enfield
EN3 7XY
GBR",181.65,3.0,109.09285714285714
59,Shakespeare Transport Ltd,"953/959 Garret Lane
Tooting
SW17 0LW
GBR",173.7,1.79,18.571428571428573
60,Shakespeare Transport Ltd,"953/959 Garret Lane
Tooting
SW17 0LW
GBR",347.4,1.1,15.0
61,Roche freight (Ireland) Ltd,"Killamonan Road The Ward Co.Dublin
Co dublin
DublinDublin
IRL",591.19,3.66,492.7242857142857
62,Hoddesdon Distribution Ltd,"7 Distribution Center 7500 Skyline Drive
Warrington
WA5 3TP
GBR",20.0,1.0,19.857142857142858
63,Hoddesdon Distribution Ltd,"7 Distribution Center 7500 Skyline Drive
Warrington
WA5 3TP
GBR",389.0,22.0,406.0
64,Hoddesdon Distribution Ltd,"Altendiez Way
Burton Latimer
NN15 5YT
GBR",280.0,21.0,299.85714285714283
65,Hoddesdon Distribution Ltd,"Crossways Business Park Galleon Boulevard
Dartford
DA2 6QL
GBR",10.0,2.0,16.571428571428573
66,Hoddesdon Distribution Ltd,"Crossways Business Park Galleon Boulevard
Dartford
DA2 6QL
GBR",195.0,23.0,174.71428571428572
67,Hoddesdon Distribution Ltd,"Fesa 
Clay lake 
Spalding
PE12 6BL
GBR",380.0,13.0,290.2857142857143
68,Hoddesdon Distribution Ltd,"K ing St Rudheath (A556/A533)
Northwich
CW9 7WA
GBR",333.0,17.0,417.2857142857143
69,Hoddesdon Distribution Ltd,"Kings Road
Bridgwater
TA6 4FG
GBR",356.0,15.0,417.7142857142857
70,Hoddesdon Distribution Ltd,"Magna Park A5 Watling Street
Lutterworth
LE17 4QU
GBR",14.0,1.0,15.0
71,Hoddesdon Distribution Ltd,"Magna Park A5 Watling Street
Lutterworth
LE17 4QU
GBR",279.0,22.0,285.57142857142856
72,Hoddesdon Distribution Ltd,"Off Silverdale Road Pump Lane
Hayes
UB3 3BL
GBR",186.0,5.0,135.85714285714286
73,Hoddesdon Distribution Ltd,"Rockingham Way Redhouse Interchange
Doncaster
DN6 7FB
GBR",58.0,3.0,65.71428571428571
74,Hoddesdon Distribution Ltd,"Rockingham Way Redhouse Interchange
Doncaster
DN6 7FB
GBR",97.0,6.0,114.0
75,Hoddesdon Distribution Ltd,"Rockingham Way Redhouse Interchange
Doncaster
DN6 7FB
GBR",135.0,10.0,202.57142857142858
76,Hoddesdon Distribution Ltd,"Trading as Quality Foods 49-61 South Road
Southall
UB1 1SQ
GBR",150.0,4.0,135.9857142857143
77,Hoddesdon Distribution Ltd,"Unit 6  Guardian Road Ind. Estate Guardian Road
Norwich
NP5 8PF
GBR",210.0,4.0,29.571428571428573
78,Hoddesdon Distribution Ltd,"Wakefield 41 Ind Est
Wakefield
WF2 0XF
GBR",355.0,21.0,387.42857142857144
79,Lenham Storage Co. Ltd,"401 Edinburgh Road Newhouse  Motherwell  North Lanarkshire
Motherwell
ML1 5GH
GBR",553.95,11.0,426.02142857142866
80,Lenham Storage Co. Ltd,"Wincanton Elton Head oad
St Helens
WA9 5AX
GBR",199.56,5.0,195.35999999999999
81,Shakespeare Transport Ltd,"1 Uxbridge Road Hayes
hayes
UB4 0JU
GBR",148.05,3.0,122.86428571428571
82,Shakespeare Transport Ltd,"19 Mitre Road
Longsight, Manchester
M13 0NU
GBR",135.6,3.0,50.01428571428572
83,Shakespeare Transport Ltd,"Greenbank Business Park Blakewater Road
Blackburn
BB1 3HU
GBR",120.15,3.0,65.63571428571429
84,Lenham Storage Co Ltd,"Popular Way West Cabot park Avonmouth  Bristol
Bristol
BS11 0YW
GBR",267.03,9.0,217.5842857142857
85,Lenham Storage Co Ltd,"Unit B Farmwell Lane Castlewood Business Park South Normanton
Alferton
NG17 1JF
GBR",269.44,7.0,245.2871428571428
86,Hoddesdon Distribution Ltd,"109-111 Lozells Road
West Midlands
B19 2TR
GBR",325.0,14.0,231.52142857142857
87,Hoddesdon Distribution Ltd,"5 Solar Way Innova Park
Enfield
EN3 7XY
GBR",180.0,5.0,180.0
88,Hoddesdon Distribution Ltd,"Hailey Rd. Business Park
Erith
DA18 4AR
GBR",205.0,10.0,165.14285714285714
89,Hoddesdon Distribution Ltd,"Melford Road Righead Industrial Estate
Bellshill
ML4  3QD
GBR",742.0,12.0,872.5714285714286
90,Hoddesdon Distribution Ltd,"Quality Foods 34- 62 Staines Road Hounslow
Hounslow
TW3 3LZ
GBR",205.0,8.0,145.71428571428572
91,Hoddesdon Distribution Ltd,"Sonali Supermarket Birmingham ltd Lozells Road
Birmingham
B192TN
GBR",195.0,5.0,81.85714285714286
92,Hoddesdon Distribution Ltd,"Unit 1a River Park Industrial Estate Billet Lane
Berkhamsted
HP4 1HL
GBR",160.0,4.0,51.42857142857143
93,Hoddesdon Distribution Ltd,"Unit 7A Odhams Trad EstSt Albans Road
Watford
WD24 7RY
GBR",137.0,3.0,57.0
94,Lenham Storage Co. Ltd,"Unit 2D Central Boulevard Prologis Park    Coventry
Coventry
CV6 4BX
GBR",81.06,9.0,255.3942857142857
95,Lenham Storage Co. Ltd,"Unit 2D Central Boulevard Prologis Park    Coventry
Coventry
CV6 4BX
GBR",189.14,14.0,255.39428571428567
96,Hoddesdon Distribution Ltd,"7 Distribution Center 7500 Skyline Drive
Warrington
WA5 3TP
GBR",434.0,24.0,436.2857142857143
97,Hoddesdon Distribution Ltd,"Altendiez Way
Burton Latimer
NN15 5YT
GBR",198.0,13.0,292.57142857142856
98,Hoddesdon Distribution Ltd,"Ash Road South Wrexham Ind Estate
Wrexham, Wales
LL13 9UG
GBR",30.0,1.0,330.0
99,Hoddesdon Distribution Ltd,"Ash Road South Wrexham Ind Estate
Wrexham, Wales
LL13 9UG
GBR",415.0,14.0,423.57142857142856
100,Hoddesdon Distribution Ltd,"c/o DHL Foxhills Ind Est
Scunthorpe
DN159YA
GBR",360.0,8.0,345.0
101,Hoddesdon Distribution Ltd,"Cob Drive Swan Valley
Northampton
NN4 9BB
GBR",16.0,1.0,142.0
102,Hoddesdon Distribution Ltd,"Crossways Business Park Galleon Boulevard
Dartford
DA2 6QL
GBR",208.0,24.0,207.42857142857142
103,Hoddesdon Distribution Ltd,"Do not use staples in PW Langley Park Chalk Lane
Sutton Bridge
PE12 9YF
GBR",380.0,23.0,363.57142857142856
104,Hoddesdon Distribution Ltd,"Fesa 
Clay lake 
Spalding
PE12 6BL
GBR",410.0,18.0,337.14285714285717
105,Hoddesdon Distribution Ltd,"Foxbridge Way Off Pontefract Road Normanton
Wakefield
WF6 1TN
GBR",17.0,1.0,25.285714285714285
106,Hoddesdon Distribution Ltd,"Foxbridge Way Off Pontefract Road Normanton
Wakefield
WF6 1TN
GBR",367.0,22.0,401.7142857142857
107,Hoddesdon Distribution Ltd,"K ing St Rudheath (A556/A533)
Northwich
CW9 7WA
GBR",292.5,13.0,365.35714285714283
108,Hoddesdon Distribution Ltd,"Kings Road
Bridgwater
TA6 4FG
GBR",348.0,11.0,426.2857142857143
109,Hoddesdon Distribution Ltd,"Magna Park A5 Watling Street
Lutterworth
LE17 4QU
GBR",14.0,1.0,15.0
110,Hoddesdon Distribution Ltd,"Magna Park A5 Watling Street
Lutterworth
LE17 4QU
GBR",296.0,23.0,298.2857142857143
111,Hoddesdon Distribution Ltd,"Milton Park Milton
Abingdon
OX14 4TF
GBR",13.0,1.0,40.42857142857143
112,Hoddesdon Distribution Ltd,"Milton Park Milton
Abingdon
OX14 4TF
GBR",292.0,23.0,288.57142857142856
113,Hoddesdon Distribution Ltd,"Newhouse Farm Ind Est
Chepstow
NP6 6UD
GBR",411.0,24.0,403.7142857142857
114,Hoddesdon Distribution Ltd,"South bridge way The Green
Southall
UB2 4AX
GBR",150.0,3.64,152.28571428571428
115,Hoddesdon Distribution Ltd,"Wakefield 41 Ind Est
Wakefield
WF2 0XF
GBR",220.0,11.0,365.14285714285717
116,Lenham Storage Co. Ltd,"Murrayfield Road  Braunstone Frith Ind Estate   
Leicester
LE3 1UW
GBR",167.03,5.0,165.9614285714286
117,Shakespeare Transport Ltd,"732 Oxford Road
Reading
RG30 1EL
GBR",92.2,2.0,31.885714285714283
118,Shakespeare Transport Ltd,"Unit 6  Guardian Road Ind. Estate Guardian Road
Norwich
NR5 8PF
GBR",94.3,2.0,62.614285714285714
119,Hoddesdon Distribution Ltd,"1 Uxbridge Road Hayes
hayes
UB4 0JU
GBR",170.0,5.0,130.43571428571428
120,Hoddesdon Distribution Ltd,"Atlas Wharf Berkshire Road
London
E9 5NB
GBR",240.0,13.0,290.0
121,Hoddesdon Distribution Ltd,"Carriden Industrial EstateBridgemess Road
Bo'ness
EH51 9SJ
GBR",440.0,3.0,82.85714285714286
122,Hoddesdon Distribution Ltd,"Do not use staples in PW Laburnum Farm Old Leake 
Boston
PE22 9PN
GBR",235.0,3.0,192.28571428571428
123,Hoddesdon Distribution Ltd,"Earlsgate Park Earls Road   Grangemouth  Stirlingshire
Stirlingshire
FK3 8UZ
GBR",38.0,1.0,43.57142857142857
124,Hoddesdon Distribution Ltd,"Earlsgate Park Earls Road   Grangemouth  Stirlingshire
Stirlingshire
FK3 8UZ
GBR",800.0,21.0,860.0
125,Hoddesdon Distribution Ltd,"Melford Road Righead Industrial Estate
Bellshill
ML4  3QD
GBR",495.0,9.0,818.4285714285714
126,Lenham Storage Co. Ltd,"Rutherford Drive Park Farm
South Wellingborough
NN8 6AQ
GBR",153.1,6.0,197.37428571428572
127,Hoddesdon Distribution Ltd,"Do not use staples in PW Langley Park Chalk Lane
Sutton Bridge
PE12 9YF
GBR",330.0,11.0,417.14285714285717
128,Hoddesdon Distribution Ltd,"Saladworks (A Division of Samworth Brothers Limited) Oak Spinney Park Ratby Lane Leicester Forest East
Leicester
LE3 3JZ
GBR",200.0,1.0,15.0
129,Lenham Storage Co. Ltd,"Andover Business Park Pioneer Road
Andover
SP11 8EZ
GBR",149.7,6.0,128.52285714285716
130,Lenham Storage Co. Ltd,"Drum Ind Est Chester-Le-Street
Durham
DH2 1AE
GBR",278.19,5.0,259.2757142857143
131,Lenham Storage Co. Ltd,"Oliver Road
West Thurrock
RM20 3EN
GBR",65.49,5.0,116.35428571428572
132,Lenham Storage Co. Ltd,"Popular Way West Cabot park Avonmouth  Bristol
Bristol
BS11 0YW
GBR",167.03,6.0,203.51285714285714
133,Lenham Storage Co. Ltd,"Unit 2D Central Boulevard Prologis Park    Coventry
Coventry
CV6 4BX
GBR",297.22,30.0,293.9942857142857
134,Lenham Storage Co. Ltd,"Unit 2D Central Boulevard Prologis Park    Coventry
Coventry
CV6 4BX
GBR",404.58,21.0,286.27428571428567
135,Lenham Storage Co. Ltd,"Wincanton Elton Head oad
St Helens
WA9 5AX
GBR",151.17,6.0,229.1257142857143
136,Shakespeare Transport Ltd,"Unit 19 Small HeathTrading Estate Armoury Road
Birmingham
B11 2RJ
GBR",120.15,3.0,50.614285714285714
137,Roche freight Ireland Ltd,"Killamonan Road The Ward Co.Dublin
Co dublin
DublinDublin
IRL",591.19,3.65,397.56
138,Hoddesdon Distribution Ltd,"1 Uxbridge Road Hayes
hayes
UB4 0JU
GBR",220.0,6.0,125.14999999999999
139,Hoddesdon Distribution Ltd,"5 Solar Way Innova Park
Enfield
EN3 7XY
GBR",180.0,5.0,180.0
140,Hoddesdon Distribution Ltd,"7 Distribution Center 7500 Skyline Drive
Warrington
WA5 3TP
GBR",18.0,1.0,19.857142857142858
141,Hoddesdon Distribution Ltd,"7 Distribution Center 7500 Skyline Drive
Warrington
WA5 3TP
GBR",416.0,23.0,418.14285714285717
142,Hoddesdon Distribution Ltd,"Altendiez Way
Burton Latimer
NN15 5YT
GBR",240.0,18.0,293.2857142857143
143,Hoddesdon Distribution Ltd,"Crossways Business Park Galleon Boulevard
Dartford
DA2 6QL
GBR",9.0,1.0,60.57142857142857
144,Hoddesdon Distribution Ltd,"Crossways Business Park Galleon Boulevard
Dartford
DA2 6QL
GBR",207.0,24.0,207.42857142857142
145,Hoddesdon Distribution Ltd,"Davy Close Park Farm Ind Est
Wellingborough
NN8 6XX
GBR",330.0,24.0,310.0
146,Hoddesdon Distribution Ltd,"Fesa 
Clay lake 
Spalding
PE12 6BL
GBR",410.0,18.0,337.14285714285717
147,Hoddesdon Distribution Ltd,"Greencore Prepared Foods Hownsgill Park Consett Co. Durham
DH8 7NU
GBR",510.0,8.0,322.57142857142856
148,Hoddesdon Distribution Ltd,"K ing St Rudheath (A556/A533)
Northwich
CW9 7WA
GBR",450.0,20.0,415.0
149,Hoddesdon Distribution Ltd,"Kings Road
Bridgwater
TA6 4FG
GBR",391.0,14.0,418.42857142857144
150,Hoddesdon Distribution Ltd,"Rockingham Way Redhouse Interchange
Doncaster
DN6 7FB
GBR",33.0,2.0,54.57142857142857
151,Hoddesdon Distribution Ltd,"Rockingham Way Redhouse Interchange
Doncaster
DN6 7FB
GBR",98.0,6.0,114.0
152,Hoddesdon Distribution Ltd,"Rockingham Way Redhouse Interchange
Doncaster
DN6 7FB
GBR",131.0,8.0,182.85714285714286
153,Hoddesdon Distribution Ltd,"Wakefield 41 Ind Est
Wakefield
WF2 0XF
GBR",322.0,19.0,364.2857142857143
154,Shakespeare Transport Ltd,"Dolphin Way Purfleet
Purfleet
RM19 1NZ
GBR",144.9,3.0,76.41428571428571
155,Hoddesdon Distribution Ltd,"169 Ettingshall Road
Wolverhampton
WV2 2RB
GBR",195.0,6.0,252.14285714285714
156,Hoddesdon Distribution Ltd,"Ahmed HouseBelle Vue Avenue
Longsight , Manchester
M12 4AS
GBR",275.0,5.0,94.75714285714285
157,Hoddesdon Distribution Ltd,"c/o DHL Foxhills Ind Est
Scunthorpe
DN159YA
GBR",360.0,7.0,313.57142857142856
158,Hoddesdon Distribution Ltd,"Cob Drive Swan Valley
Northampton
NN4 9BB
GBR",220.0,4.0,189.85714285714286
159,Hoddesdon Distribution Ltd,"Earlsgate Park Earls Road   Grangemouth  Stirlingshire
Stirlingshire
FK3 8UZ
GBR",952.0,25.0,915.2857142857143
160,Hoddesdon Distribution Ltd,"Hailey Rd. Business Park
Erith
DA18 4AR
GBR",215.0,13.0,208.71428571428572
161,Hoddesdon Distribution Ltd,"Melford Road Righead Industrial Estate
Bellshill
ML4  3QD
GBR",679.0,6.0,817.8571428571429
162,Hoddesdon Distribution Ltd,"Unit8 Anchor Business Park Featherstall Road North
Oldham
OL9 6AZ
GBR",330.0,6.0,199.14285714285714
163,Hoddesdon Distribution Ltd,"Wag Hardwick Grange
Willston
WA1 4RJ
GBR",370.0,5.0,371.42857142857144
164,Hoddesdon Distribution Ltd,"Unit A Trafalgar CentreBelfield Road
Rochdale
OL16 2UX
GBR",240.0,3.0,66.78571428571429
165,Hoddesdon Distribution Ltd,"7 Distribution Center 7500 Skyline Drive
Warrington
WA5 3TP
GBR",434.0,24.0,436.2857142857143
166,Hoddesdon Distribution Ltd,"Altendiez Way
Burton Latimer
NN15 5YT
GBR",264.0,14.0,292.57142857142856
167,Hoddesdon Distribution Ltd,"Booth Drive Parkfarm Ind. Estate    Wellingborough  Northants
Wellingborough
NN8 6GR
GBR",145.0,6.0,114.28571428571429
168,Hoddesdon Distribution Ltd,"Cameron Wood  Nettlehill Rd Houston Industrial Estate
LIVINGSTON
EH54 5DL
GBR",600.0,5.0,356.85714285714283
169,Hoddesdon Distribution Ltd,"Crossways Business Park Galleon Boulevard
Dartford
DA2 6QL
GBR",9.0,1.0,60.57142857142857
170,Hoddesdon Distribution Ltd,"Crossways Business Park Galleon Boulevard
Dartford
DA2 6QL
GBR",199.0,23.0,174.71428571428572
171,Hoddesdon Distribution Ltd,"Fesa 
Clay lake 
Spalding
PE12 6BL
GBR",340.0,8.0,290.2857142857143
172,Hoddesdon Distribution Ltd,"Foxbridge Way Off Pontefract Road Normanton
Wakefield
WF6 1TN
GBR",380.0,23.0,387.42857142857144
173,Hoddesdon Distribution Ltd,"Furnham Rd
Chard
TA20 1AA
GBR",265.0,4.0,283.57142857142856
174,Hoddesdon Distribution Ltd,"HAYDOCK IND EST HAYDOCK
St Helens
WA11 9WD
GBR",380.0,6.0,348.42857142857144
175,Hoddesdon Distribution Ltd,"K ing St Rudheath (A556/A533)
Northwich
CW9 7WA
GBR",390.0,13.0,365.35714285714283
176,Hoddesdon Distribution Ltd,"Kings Road
Bridgwater
TA6 4FG
GBR",380.0,12.0,426.2857142857143
177,Hoddesdon Distribution Ltd,"Magna Park A5 Watling Street
Lutterworth
LE17 4QU
GBR",13.0,2.0,18.571428571428573
178,Hoddesdon Distribution Ltd,"Magna Park A5 Watling Street
Lutterworth
LE17 4QU
GBR",296.0,23.0,298.2857142857143
179,Hoddesdon Distribution Ltd,"Milton Park Milton
Abingdon
OX14 4TF
GBR",13.0,3.0,33.142857142857146
180,Hoddesdon Distribution Ltd,"Milton Park Milton
Abingdon
OX14 4TF
GBR",200.0,1.0,40.42857142857143
181,Hoddesdon Distribution Ltd,"Milton Park Milton
Abingdon
OX14 4TF
GBR",240.0,1.0,40.42857142857143
182,Hoddesdon Distribution Ltd,"Milton Park Milton
Abingdon
OX14 4TF
GBR",278.0,22.0,283.0
183,Hoddesdon Distribution Ltd,"Newhouse Farm Ind Est
Chepstow
NP6 6UD
GBR",17.0,1.0,22.714285714285715
184,Hoddesdon Distribution Ltd,"Newhouse Farm Ind Est
Chepstow
NP6 6UD
GBR",411.0,24.0,403.7142857142857
185,Hoddesdon Distribution Ltd,"Penzance Drive Churchward Park
Swindon
SN5 7JF
GBR",295.0,5.0,295.0
186,Hoddesdon Distribution Ltd,"Unit 1553 Lewisher Road
Leicester
LE4 9LR
GBR",162.0,1.5,232.14285714285714
187,Hoddesdon Distribution Ltd,"Unit 1553 Lewisher Road
Leicester
LE4 9LR
GBR",324.0,2.5,232.85714285714286
188,Hoddesdon Distribution Ltd,"Wakefield 41 Ind Est
Wakefield
WF2 0XF
GBR",344.0,18.0,364.2857142857143
189,Lenham Storage Co Ltd,"Unit 2D Central Boulevard Prologis Park    Coventry
Coventry
CV6 4BX
GBR",455.15,42.0,452.2614285714285
190,Lenham Storage Co Ltd,"Wincanton Elton Head oad
St Helens
WA9 5AX
GBR",51.93,5.0,219.93857142857146
191,Hoddesdon Distribution Ltd,"237 -239 South Road 
Birmingham
B18 5JS
GBR",290.0,14.0,273.85714285714283
192,Hoddesdon Distribution Ltd,"44 Watts Grove
Bow
E3 3RE
GBR",220.0,12.0,214.71428571428572
193,Hoddesdon Distribution Ltd,"5 Solar Way Innova Park
Enfield
EN3 7XY
GBR",180.0,5.0,180.0
194,Hoddesdon Distribution Ltd,"84 Toryglen Street
Glasgow
G5 0BH
GBR",780.0,6.0,219.8642857142857
195,Hoddesdon Distribution Ltd,"Ash Road South Wrexham Ind Estate
Wrexham, Wales
LL13 9UG
GBR",415.0,10.0,389.2857142857143
196,Hoddesdon Distribution Ltd,"Deeside Industrial Park
Deeside, Flintshire
CH5 2NW
GBR",370.0,5.0,130.57142857142858
197,Hoddesdon Distribution Ltd,"Do not use staples in PW Langley Park Chalk Lane
Sutton Bridge
PE12 9YF
GBR",380.0,24.0,363.57142857142856
198,Hoddesdon Distribution Ltd,"Hailey Rd. Business Park
Erith
DA18 4AR
GBR",156.0,5.0,95.57142857142857
199,Hoddesdon Distribution Ltd,"Melford Road Righead Industrial Estate
Bellshill
ML4  3QD
GBR",821.0,11.0,792.2857142857143
200,Hoddesdon Distribution Ltd,"South bridge way The Green
Southall
UB2 4AX
GBR",168.0,5.0,152.28571428571428
201,Hoddesdon Distribution Ltd,"Windmill Lane
Southall
UB2 4NA
GBR",290.0,24.0,255.28571428571428
202,Shakespeare Transport Ltd,"Caresgate Road South
Inverness
IV3 8LL
GBR",241.8,3.0,143.65714285714287
203,Shakespeare Transport Ltd,"Trading as Quality Foods 49-61 South Road
Southall
UB1 1SQ
GBR",98.7,3.0,135.9857142857143
204,Shakespeare Transport Ltd,"Unit 15 Hallsford Bridge Ind. Est Stondon Road
Ongar
CM5 9RB
GBR",123.3,3.0,80.22857142857143
205,Lenham Storage Co Ltd,"401 Edinburgh Road Newhouse  Motherwell  North Lanarkshire
Motherwell
ML1 5GH
GBR",553.95,10.0,444.8457142857143
206,Lenham Storage Co Ltd,"Murrayfield Road  Braunstone Frith Ind Estate   
Leicester
LE3 1UW
GBR",43.45,2.0,104.15428571428572
207,Lenham Storage Co Ltd,"Popular Way West Cabot park Avonmouth  Bristol
Bristol
BS11 0YW
GBR",126.51,6.0,186.29571428571427
208,Hoddesdon Distribution Ltd,"2 Princess Road  West Sussex
Crawley
RH11 7BJ
GBR",170.0,4.0,141.5
209,Hoddesdon Distribution Ltd,"Cob Drive Swan Valley
Northampton
NN4 9BB
GBR",270.0,8.0,271.2857142857143
210,Hoddesdon Distribution Ltd,"Greencore Prepared Foods Hownsgill Park Consett Co. Durham
DH8 7NU
GBR",510.0,16.0,373.7142857142857
211,Hoddesdon Distribution Ltd,"HAYDOCK IND EST HAYDOCK
St Helens
WA11 9WD
GBR",380.0,6.0,348.42857142857144
212,Hoddesdon Distribution Ltd,"London Street Magnum Building
Leicester
LE5 3RL
GBR",195.0,5.0,57.0
213,Hoddesdon Distribution Ltd,"Unit 18 Brookfield Property Centre Brookfield Drive
Liverpool
L9 7AS
GBR",275.0,5.0,66.85714285714286
214,Hoddesdon Distribution Ltd,"Unit 910 River Road
Barking
IG11 ODG
GBR",230.0,9.02,111.28571428571429
215,Shakespeare Transport Ltd,"29A Orchard Street
Western Super Mare
BS23 1RG
GBR",126.45,3.0,41.49285714285714
216,Shakespeare Transport Ltd,"870 Stratford Road
Birmingham
B11 4BS
GBR",120.15,3.0,50.614285714285714
217,Veetee Foods Limited,"Livingstone Road
Andover
SP10 5LA
GBR",11448.0,48.0,1908.5714285714287
218,Lenham Storage Co Ltd,"Andover Business Park Pioneer Road
Andover
SP11 8EZ
GBR",124.75,5.0,140.10285714285715
219,Lenham Storage Co Ltd,"Industrial Estate
Chester-Le-Street
DH2 1AE
GBR",278.19,5.0,196.83571428571426
220,Lenham Storage Co Ltd,"Oliver Road
West Thurrock
RM20 3EN
GBR",130.98,6.0,125.71
221,Lenham Storage Co Ltd,"Rutherford Drive Park Farm
South Wellingborough
NN8 6AQ
GBR",153.1,4.0,191.65142857142857
222,Lenham Storage Co Ltd,"Unit 2D Central Boulevard Prologis Park    Coventry
Coventry
CV6 4BX
GBR",324.24,12.0,285.6042857142857
223,Lenham Storage Co Ltd,"Unit B Farmwell Lane Castlewood Business Park South Normanton
Alferton
NG17 1JF
GBR",220.87,5.0,238.34857142857143
224,Lenham Storage Co Ltd,"Wincanton Elton Head oad
St Helens
WA9 5AX
GBR",261.39,6.0,253.3942857142857
225,Roche freight Ireland Ltd,"Killamonan Road The Ward Co.Dublin
Co dublin
DublinDublin
IRL",637.25,3.66,397.56
226,Hoddesdon Distribution Ltd,"2 Mandarin Way Pattison Ind. Estate District 15
Washington
NE38 8QA
GBR",563.0,22.0,562.4285714285714
227,Hoddesdon Distribution Ltd,"Altendiez Way
Burton Latimer
NN15 5YT
GBR",320.0,25.0,318.2857142857143
228,Hoddesdon Distribution Ltd,"Amotherby Malton
Malton
YO17 6TQ
GBR",250.0,3.0,115.28571428571429
229,Hoddesdon Distribution Ltd,"Crossways Business Park Galleon Boulevard
Dartford
DA2 6QL
GBR",9.0,1.0,60.57142857142857
230,Hoddesdon Distribution Ltd,"Crossways Business Park Galleon Boulevard
Dartford
DA2 6QL
GBR",207.0,24.0,207.42857142857142
231,Hoddesdon Distribution Ltd,"Do not use staples in PW Laburnum Farm Old Leake 
Boston
PE22 9PN
GBR",235.0,3.0,192.28571428571428
232,Hoddesdon Distribution Ltd,"Earlsgate Park Earls Road   Grangemouth  Stirlingshire
Stirlingshire
FK3 8UZ
GBR",40.0,1.0,43.57142857142857
233,Hoddesdon Distribution Ltd,"Earlsgate Park Earls Road   Grangemouth  Stirlingshire
Stirlingshire
FK3 8UZ
GBR",752.0,19.0,840.0
234,Hoddesdon Distribution Ltd,"K ing St Rudheath (A556/A533)
Northwich
CW9 7WA
GBR",426.0,18.0,412.85714285714283
235,Hoddesdon Distribution Ltd,"Kings Road
Bridgwater
TA6 4FG
GBR",422.0,16.0,419.14285714285717
236,Hoddesdon Distribution Ltd,"Magna Park A5 Watling Street
Lutterworth
LE17 4QU
GBR",13.0,1.0,15.0
237,Hoddesdon Distribution Ltd,"Magna Park A5 Watling Street
Lutterworth
LE17 4QU
GBR",309.0,23.0,298.2857142857143
238,Hoddesdon Distribution Ltd,"Newhouse Farm Ind Est
Chepstow
NP6 6UD
GBR",392.0,22.0,396.42857142857144
239,Hoddesdon Distribution Ltd,"Regional Distribution center 7502 Norman Road Belvedere
Bexley
DA17 6JY
GBR",200.0,7.0,175.0
240,Hoddesdon Distribution Ltd,"T/A IqbroUnit 3 C Button End Industrial Estate Button End
Harston
CB22 7GX
GBR",140.0,4.0,129.28571428571428
241,Hoddesdon Distribution Ltd,"Unit 9 Heston Industrial estate Aerodrome Way Cranford Lane
Heston
TW5 9QB
GBR",230.0,12.0,276.0
242,Hoddesdon Distribution Ltd,"Wakefield 41 Ind Est
Wakefield
WF2 0XF
GBR",220.0,3.0,292.85714285714283
243,Hoddesdon Distribution Ltd,"Wakefield 41 Ind Est
Wakefield
WF2 0XF
GBR",440.0,26.0,435.14285714285717
244,Shakespeare Transport Ltd,"Unit 2 Cliffe Commercial Park Longyoyd Bridge
Huddersfield
HD1 3JD
GBR",120.15,3.0,49.378571428571426
245,Lenham Storage Co Ltd,"Unit 2D Central Boulevard Prologis Park    Coventry
Coventry
CV6 4BX
GBR",346.01,13.0,285.6042857142857
246,Hoddesdon Distribution Ltd,"49 ramsay street
Rochdale
OL16 2BX
GBR",290.0,3.1,69.28571428571429
247,Hoddesdon Distribution Ltd,"Atlas Wharf Berkshire Road
London
E9 5NB
GBR",240.0,13.0,290.0
248,Hoddesdon Distribution Ltd,"c/o DHL Foxhills Ind Est
Scunthorpe
DN159YA
GBR",205.0,4.0,313.57142857142856
249,Hoddesdon Distribution Ltd,"Davy Close Park Farm Ind Est
Wellingborough
NN8 6XX
GBR",330.0,24.0,310.0
250,Hoddesdon Distribution Ltd,"Hailey Rd. Business Park
Erith
DA18 4AR
GBR",195.0,9.0,165.14285714285714
251,Hoddesdon Distribution Ltd,"Melford Road Righead Industrial Estate
Bellshill
ML4  3QD
GBR",880.0,11.0,792.2857142857143
252,Hoddesdon Distribution Ltd,"Off Silverdale Road Pump Lane
Hayes
UB3 3BL
GBR",255.0,12.0,226.71428571428572
253,Hoddesdon Distribution Ltd,"Stonehouse Street Lithorpe
Middlesborough
TS5 6HR
GBR",330.0,3.01,128.2
254,Hoddesdon Distribution Ltd,"Unit 8 Midland Street Ardwick
Manchester
M12 6LB
GBR",225.0,4.0,60.714285714285715
255,Hoddesdon Distribution Ltd,"Upper Thomas Street
Aston
Birmingham
B6 5AD
GBR",360.0,28.0,279.07142857142856
256,Hoddesdon Distribution Ltd,"Windmill Lane
Southall
UB2 4NA
GBR",290.0,24.0,255.28571428571428
257,Shakespeare Transport Ltd,"2 Brearton Street
Bradford
BD1 3ED
GBR",120.15,3.0,37.73571428571428
258,Shakespeare Transport Ltd,"733 Alum Rock Road
Satley
B8 2NY
GBR",120.15,3.0,40.59285714285714
259,Shakespeare Transport Ltd,"Stonehouse Street Lithorpe
Middlesborough
TS5 6HR
GBR",123.3,3.01,128.2
260,Lenham Storage Co Ltd,"Popular Way West Cabot park Avonmouth  Bristol
Bristol
BS11 0YW
GBR",126.51,9.0,217.5842857142857
261,Hoddesdon Distribution Ltd,"169 Ettingshall Road
Wolverhampton
WV2 2RB
GBR",195.0,5.0,252.14285714285714
262,Hoddesdon Distribution Ltd,"5 Solar Way Innova Park
Enfield
EN3 7XY
GBR",200.0,6.0,188.57142857142858
263,Hoddesdon Distribution Ltd,"7 Distribution Center 7500 Skyline Drive
Warrington
WA5 3TP
GBR",18.0,1.0,19.857142857142858
264,Hoddesdon Distribution Ltd,"7 Distribution Center 7500 Skyline Drive
Warrington
WA5 3TP
GBR",416.0,23.0,418.14285714285717
265,Hoddesdon Distribution Ltd,"Altendiez Way
Burton Latimer
NN15 5YT
GBR",310.0,10.0,260.85714285714283
266,Hoddesdon Distribution Ltd,"Ash Road South Wrexham Ind Estate
Wrexham, Wales
LL13 9UG
GBR",385.0,9.0,389.2857142857143
267,Hoddesdon Distribution Ltd,"Chillpark Brake Clyst Honiton 
Exeter
EX5 2FU
GBR",580.0,8.0,249.71428571428572
268,Hoddesdon Distribution Ltd,"Crossways Business Park Galleon Boulevard
Dartford
DA2 6QL
GBR",9.0,2.0,16.571428571428573
269,Hoddesdon Distribution Ltd,"Crossways Business Park Galleon Boulevard
Dartford
DA2 6QL
GBR",198.0,23.0,174.71428571428572
270,Hoddesdon Distribution Ltd,"Do not use staples in PW Langley Park Chalk Lane
Sutton Bridge
PE12 9YF
GBR",380.0,11.0,417.14285714285717
271,Hoddesdon Distribution Ltd,"Do not use staples in PW Langley Park Chalk Lane
Sutton Bridge
PE12 9YF
GBR",760.0,13.0,417.14285714285717
272,Hoddesdon Distribution Ltd,"Fesa 
Clay lake 
Spalding
PE12 6BL
GBR",275.0,5.0,290.2857142857143
273,Hoddesdon Distribution Ltd,"Foxbridge Way Off Pontefract Road Normanton
Wakefield
WF6 1TN
GBR",17.0,1.0,25.285714285714285
274,Hoddesdon Distribution Ltd,"Foxbridge Way Off Pontefract Road Normanton
Wakefield
WF6 1TN
GBR",380.0,23.0,387.42857142857144
275,Hoddesdon Distribution Ltd,"Furnham Rd
Chard
TA20 1AA
GBR",265.0,4.0,283.57142857142856
276,Hoddesdon Distribution Ltd,"HAYDOCK IND EST HAYDOCK
St Helens
WA11 9WD
GBR",380.0,6.0,348.42857142857144
277,Hoddesdon Distribution Ltd,"Hilbert House
New Street

Manchester
M40 8AW
GBR",225.0,4.0,215.87857142857143
278,Hoddesdon Distribution Ltd,"K ing St Rudheath (A556/A533)
Northwich
CW9 7WA
GBR",440.0,13.0,365.35714285714283
279,Hoddesdon Distribution Ltd,"Kings Road
Bridgwater
TA6 4FG
GBR",420.0,9.0,413.42857142857144
280,Hoddesdon Distribution Ltd,"Magna Park A5 Watling Street
Lutterworth
LE17 4QU
GBR",309.0,24.0,308.85714285714283
281,Hoddesdon Distribution Ltd,"Milton Park Milton
Abingdon
OX14 4TF
GBR",13.0,1.0,40.42857142857143
282,Hoddesdon Distribution Ltd,"Milton Park Milton
Abingdon
OX14 4TF
GBR",304.0,24.0,288.57142857142856
283,Hoddesdon Distribution Ltd,"Newhouse Farm Ind Est
Chepstow
NP6 6UD
GBR",17.0,1.0,22.714285714285715
284,Hoddesdon Distribution Ltd,"Newhouse Farm Ind Est
Chepstow
NP6 6UD
GBR",411.0,24.0,403.7142857142857
285,Hoddesdon Distribution Ltd,"Queensway
Rochdale
OL11 2NU
GBR",370.0,8.0,179.30714285714288
286,Hoddesdon Distribution Ltd,"Wakefield 41 Ind Est
Wakefield
WF2 0XF
GBR",430.0,14.0,386.57142857142856
287,Shakespeare Transport Ltd,"Hilbert House
New Street

Manchester
M40 8AW
GBR",120.15,3.0,209.16428571428574
288,Shakespeare Transport Ltd,"Queensway
Rochdale
OL11 2NU
GBR",120.15,3.0,171.7357142857143
289,Shakespeare Transport Ltd,"Unit 12- 13 Valley Road Business ParkValley Road
Keighley
BD21 4LZ
GBR",120.15,3.0,95.02142857142857
290,Shakespeare Transport Ltd,"Unit 1A Norton Park Russie Place
Edinburgh
EH7 5RS
GBR",166.65,3.0,63.614285714285714
291,Shakespeare Transport Ltd,"VIA LEA BRIDGE RD & ARGALL WAY
LEYTON
E10 7AS
GBR",173.7,3.0,121.48571428571428
292,Barron Wood Distribution Ltd,"WimbergerGasse-5
AT-1070Vienna
AUT",1095.0,12.89,285.7142857142857
293,Hoddesdon Distribution Ltd,"1 Coddington Crescent
Motherwell
ML1 4YF
GBR",650.0,3.0,22.571428571428573
294,Hoddesdon Distribution Ltd,"44 Watts Grove
Bow
E3 3RE
GBR",100.0,5.0,158.57142857142858
295,Hoddesdon Distribution Ltd,"Earlsgate Park Earls Road   Grangemouth  Stirlingshire
Stirlingshire
FK3 8UZ
GBR",38.0,1.0,43.57142857142857
296,Hoddesdon Distribution Ltd,"Earlsgate Park Earls Road   Grangemouth  Stirlingshire
Stirlingshire
FK3 8UZ
GBR",876.0,23.0,915.2857142857143
297,Hoddesdon Distribution Ltd,"Melford Road Righead Industrial Estate
Bellshill
ML4  3QD
GBR",970.0,7.0,843.5714285714286
298,Hoddesdon Distribution Ltd,"Palmer Avenue Severn Beach 
Bristol
BS35 4GG
GBR",340.0,4.0,76.14285714285714
299,Hoddesdon Distribution Ltd,"Windmill Lane
Southall
UB2 4NA
GBR",186.0,5.0,225.57142857142858
300,Lenham Storage Co Ltd,"Andover Business Park Pioneer Road
Andover
SP11 8EZ
GBR",149.7,6.0,132.38285714285715
301,Lenham Storage Co Ltd,"Drum Ind Est Chester-Le-Street
Durham
DH2 1AE
GBR",278.19,5.0,263.13571428571424
302,Lenham Storage Co Ltd,"Oliver Road
West Thurrock
RM20 3EN
GBR",174.64,5.0,119.47285714285715
303,Lenham Storage Co Ltd,"Unit 2D Central Boulevard Prologis Park    Coventry
Coventry
CV6 4BX
GBR",385.95,15.0,322.5357142857143
304,Lenham Storage Co Ltd,"Wincanton Elton Head oad
St Helens
WA9 5AX
GBR",234.49,5.0,219.93857142857146
305,Hoddesdon Distribution Ltd,"Cob Drive Swan Valley
Northampton
NN4 9BB
GBR",320.0,22.0,317.7142857142857
306,Hoddesdon Distribution Ltd,"Greencore Prepared Foods Hownsgill Park Consett Co. Durham
DH8 7NU
GBR",510.0,8.0,322.57142857142856
307,Hoddesdon Distribution Ltd,"Penzance Drive Churchward Park
Swindon
SN5 7JF
GBR",360.0,6.0,304.2857142857143
308,Hoddesdon Distribution Ltd,"Seafield Lane Beoley 
Worcestershire
Redditch 
B98 9DB
GBR",330.0,15.0,283.7142857142857
309,Hoddesdon Distribution Ltd,"South bridge way The Green
Southall
UB2 4AX
GBR",150.0,4.0,152.28571428571428
310,Hoddesdon Distribution Ltd,"Waterton Industrial Estate Cowbridge Road 
Bridgend
CF31 3PH
GBR",375.0,5.0,125.85714285714286
311,Hoddesdon Distribution Ltd,"Windmill Lane
Southall
UB2 4NA
GBR",186.0,5.0,225.57142857142858
312,Lenham Storage Co Ltd,"Murrayfield Road  Braunstone Frith Ind Estate   
Leicester
LE3 1UW
GBR",126.51,3.0,104.1542857142857
313,Lenham Storage Co Ltd,"Unit 2D Central Boulevard Prologis Park    Coventry
Coventry
CV6 4BX
GBR",324.73,12.0,285.6042857142857
314,Lenham Storage Co Ltd,"Unit B Farmwell Lane Castlewood Business Park South Normanton
Alferton
NG17 1JF
GBR",269.44,7.0,245.2871428571428
315,Roche freight Ireland Ltd,"Killamonan Road The Ward Co.Dublin
Co dublin
DublinDublin
IRL",504.98,2.43,322.9171428571429
316,Hoddesdon Distribution Ltd,"7 Distribution Center 7500 Skyline Drive
Warrington
WA5 3TP
GBR",18.0,1.0,19.857142857142858
317,Hoddesdon Distribution Ltd,"Altendiez Way
Burton Latimer
NN15 5YT
GBR",308.0,24.97,318.2857142857143
318,Hoddesdon Distribution Ltd,"Cob Drive Swan Valley
Northampton
NN4 9BB
GBR",200.0,3.0,177.0
319,Hoddesdon Distribution Ltd,"Crossways Business Park Galleon Boulevard
Dartford
DA2 6QL
GBR",216.0,25.0,212.42857142857142
320,Hoddesdon Distribution Ltd,"K ing St Rudheath (A556/A533)
Northwich
CW9 7WA
GBR",406.0,11.97,358.92857142857144
321,Hoddesdon Distribution Ltd,"Kings Road
Bridgwater
TA6 4FG
GBR",420.0,9.0,413.42857142857144
322,Hoddesdon Distribution Ltd,"Rockingham Way Redhouse Interchange
Doncaster
DN6 7FB
GBR",33.0,2.0,54.57142857142857
323,Hoddesdon Distribution Ltd,"Rockingham Way Redhouse Interchange
Doncaster
DN6 7FB
GBR",98.0,6.0,114.0
324,Hoddesdon Distribution Ltd,"Rockingham Way Redhouse Interchange
Doncaster
DN6 7FB
GBR",163.0,10.0,202.57142857142858
325,Hoddesdon Distribution Ltd,"Wakefield 41 Ind Est
Wakefield
WF2 0XF
GBR",406.0,23.97,435.14285714285717
326,Lenham Storage Co Ltd,"401 Edinburgh Road Newhouse  Motherwell  North Lanarkshire
Motherwell
ML1 5GH
GBR",371.05,5.0,444.8457142857143
327,Lenham Storage Co Ltd,"Popular Way West Cabot park Avonmouth  Bristol
Bristol
BS11 0YW
GBR",196.26,5.0,186.29571428571427
328,Hoddesdon Distribution Ltd,"1 Uxbridge Road Hayes
hayes
UB4 0JU
GBR",230.0,8.0,125.14999999999999
329,Hoddesdon Distribution Ltd,"5 Solar Way Innova Park
Enfield
EN3 7XY
GBR",180.0,5.0,180.0
330,Hoddesdon Distribution Ltd,"A Division of Samworth Brothers Limited- Oak Spinney Park Ratby Lane Forest East
Leicester
LE3 3JZ
GBR",200.0,1.0,99.85714285714286
331,Hoddesdon Distribution Ltd,"Atlas Wharf Berkshire Road
London
E9 5NB
GBR",240.0,13.0,290.0
332,Hoddesdon Distribution Ltd,"Axletree Way Wednesbury 
Birmingham
WS10 9QY
GBR",300.0,4.0,68.57142857142857
333,Hoddesdon Distribution Ltd,"Fishers Way Crabtree Manor Way   Kent
Belvedere
DA17 6BS
GBR",160.0,4.0,89.71428571428571
334,Hoddesdon Distribution Ltd,"Hailey Rd. Business Park
Erith
DA18 4AR
GBR",17.0,11.0,174.28571428571428
335,Hoddesdon Distribution Ltd,"Hailey Rd. Business Park
Erith
DA18 4AR
GBR",188.0,1.0,48.857142857142854
336,Hoddesdon Distribution Ltd,"Melford Road Righead Industrial Estate
Bellshill
ML4  3QD
GBR",873.0,9.0,818.4285714285714
337,Hoddesdon Distribution Ltd,"Wag Hardwick Grange
Willston
WA1 4RJ
GBR",370.0,5.0,371.42857142857144
338,Shakespeare Transport Ltd,"109-111 Lozells Road
West Midlands
B19 2TR
GBR",120.15,3.0,231.52142857142857
339,Shakespeare Transport Ltd,"14 Leofric SquareVicragefarm Road
Peterborough
PE1 5TU
GBR",120.15,3.0,41.92857142857143
340,Shakespeare Transport Ltd,"T/A IqbroUnit 3 C Button End Industrial Estate Button End
Harston
CB22 7GX
GBR",82.2,2.0,123.42857142857143
341,Fercam Austria Gmbh,"Schaferhauser Str. 2/2
73240Wendlingen
DEU",630.0,25.0,410.0
342,Hoddesdon Distribution Ltd,"2 Mandarin Way Pattison Ind. Estate District 15
Washington
NE38 8QA
GBR",27.0,1.0,114.28571428571429
343,Hoddesdon Distribution Ltd,"2 Mandarin Way Pattison Ind. Estate District 15
Washington
NE38 8QA
GBR",560.0,21.0,562.4285714285714
344,Hoddesdon Distribution Ltd,"44 Watts Grove
Bow
E3 3RE
GBR",120.0,6.0,158.57142857142858
345,Hoddesdon Distribution Ltd,"7 Distribution Center 7500 Skyline Drive
Warrington
WA5 3TP
GBR",22.0,1.0,19.857142857142858
346,Hoddesdon Distribution Ltd,"7 Distribution Center 7500 Skyline Drive
Warrington
WA5 3TP
GBR",380.0,21.0,412.0
347,Hoddesdon Distribution Ltd,"Altendiez Way
Burton Latimer
NN15 5YT
GBR",270.0,9.0,260.85714285714283
348,Hoddesdon Distribution Ltd,"Ash Road South Wrexham Ind Estate
Wrexham, Wales
LL13 9UG
GBR",445.0,14.0,423.57142857142856
349,Hoddesdon Distribution Ltd,"c/o DHL Foxhills Ind Est
Scunthorpe
DN159YA
GBR",360.0,7.0,313.57142857142856
350,Hoddesdon Distribution Ltd,"Chillpark Brake Clyst Honiton 
Exeter
EX5 2FU
GBR",500.0,4.0,249.71428571428572
351,Hoddesdon Distribution Ltd,"Crossways Business Park Galleon Boulevard
Dartford
DA2 6QL
GBR",9.0,1.0,60.57142857142857
352,Hoddesdon Distribution Ltd,"Crossways Business Park Galleon Boulevard
Dartford
DA2 6QL
GBR",207.0,23.0,174.71428571428572
353,Hoddesdon Distribution Ltd,"Earlsgate Park Earls Road   Grangemouth  Stirlingshire
Stirlingshire
FK3 8UZ
GBR",891.0,22.0,881.7142857142857
354,Hoddesdon Distribution Ltd,"Foxbridge Way Off Pontefract Road Normanton
Wakefield
WF6 1TN
GBR",20.0,1.0,25.285714285714285
355,Hoddesdon Distribution Ltd,"Foxbridge Way Off Pontefract Road Normanton
Wakefield
WF6 1TN
GBR",369.0,22.0,401.7142857142857
356,Hoddesdon Distribution Ltd,"Hulme Hall Lane Lord North Street Miles Platting
Manchester
M40 8AD
GBR",225.0,4.0,72.59285714285714
357,Hoddesdon Distribution Ltd,"K ing St Rudheath (A556/A533)
Northwich
CW9 7WA
GBR",338.0,8.0,352.85714285714283
358,Hoddesdon Distribution Ltd,"Kings Road
Bridgwater
TA6 4FG
GBR",465.0,12.0,426.2857142857143
359,Hoddesdon Distribution Ltd,"Magna Park A5 Watling Street
Lutterworth
LE17 4QU
GBR",15.0,2.0,18.571428571428573
360,Hoddesdon Distribution Ltd,"Magna Park A5 Watling Street
Lutterworth
LE17 4QU
GBR",290.0,22.0,285.57142857142856
361,Hoddesdon Distribution Ltd,"Milton Park Milton
Abingdon
OX14 4TF
GBR",15.0,2.0,21.285714285714285
362,Hoddesdon Distribution Ltd,"Milton Park Milton
Abingdon
OX14 4TF
GBR",285.0,22.0,283.0
363,Hoddesdon Distribution Ltd,"Newhouse Farm Ind Est
Chepstow
NP6 6UD
GBR",19.0,1.0,22.714285714285715
364,Hoddesdon Distribution Ltd,"Newhouse Farm Ind Est
Chepstow
NP6 6UD
GBR",389.0,21.0,398.14285714285717
365,Hoddesdon Distribution Ltd,"Resturant Wholesale London Works Ripple Road
London
IG11 0SY
GBR",230.0,6.0,100.41428571428571
366,Hoddesdon Distribution Ltd,"Unit 5 A3 Approach Rima House Ripple Road 
Barking
IG11 0RH
GBR",260.0,26.0,292.0
367,Hoddesdon Distribution Ltd,"Upper Thomas Street
Aston
Birmingham
B6 5AD
GBR",250.0,6.0,162.21428571428572
368,Hoddesdon Distribution Ltd,"Wakefield 41 Ind Est
Wakefield
WF2 0XF
GBR",394.0,11.0,365.14285714285717
369,Hoddesdon Distribution Ltd,"Windmill Lane
Southall
UB2 4NA
GBR",290.0,24.0,255.28571428571428
370,Shakespeare Transport Ltd,"MOUNT STREET OFF BOWLING BACK LANE
Bradford
BD4 8TA
GBR",120.15,3.0,40.59285714285714
371,Shakespeare Transport Ltd,"Trading as Quality Foods 49-61 South Road
Southall
UB1 1SQ
GBR",169.8,3.0,135.9857142857143
372,Barron Wood Distribution Ltd,"10 Avenue Marcelin Berthelot
F-92390Villeneuve la Garenne
FRA",455.0,24.0,390.57142857142856
373,Lenham Storage Co Ltd,"Murrayfield Road  Braunstone Frith Ind Estate   
Leicester
LE3 1UW
GBR",85.16,2.0,104.15428571428572
374,Lenham Storage Co Ltd,"Unit 2D Central Boulevard Prologis Park    Coventry
Coventry
CV6 4BX
GBR",385.95,27.0,442.37571428571425
375,Hoddesdon Distribution Ltd,"109-111 Lozells Road
West Midlands
B19 2TR
GBR",250.0,6.0,231.52142857142857
376,Hoddesdon Distribution Ltd,"44 Watts Grove
Bow
E3 3RE
GBR",160.0,5.0,158.57142857142858
377,Hoddesdon Distribution Ltd,"Booth Drive Parkfarm Ind. Estate    Wellingborough  Northants
Wellingborough
NN8 6GR
GBR",110.0,2.0,106.28571428571429
378,Hoddesdon Distribution Ltd,"Fesa 
Clay lake 
Spalding
PE12 6BL
GBR",410.0,22.0,337.14285714285717
379,Hoddesdon Distribution Ltd,"Melford Road Righead Industrial Estate
Bellshill
ML4  3QD
GBR",889.0,11.0,792.2857142857143
380,Hoddesdon Distribution Ltd,"Unit 6  Guardian Road Ind. Estate Guardian Road
Norwich
NR5 8PF
GBR",255.0,5.0,73.18571428571428
381,Lenham Storage Co Ltd,"Drum Ind Est Chester-Le-Street
Durham
DH2 1AE
GBR",310.56,6.0,263.1357142857143
382,Lenham Storage Co Ltd,"Popular Way West Cabot park Avonmouth  Bristol
Bristol
BS11 0YW
GBR",218.84,8.0,217.5842857142857
383,Lenham Storage Co Ltd,"Rutherford Drive Park Farm
South Wellingborough
NN8 6AQ
GBR",39.82,3.0,191.65142857142857
384,Lenham Storage Co Ltd,"Unit 2D Central Boulevard Prologis Park    Coventry
Coventry
CV6 4BX
GBR",189.14,8.0,180.2542857142857
385,Hoddesdon Distribution Ltd,"Cameron Wood  Nettlehill Rd Houston Industrial Estate
LIVINGSTON
EH54 5DL
GBR",600.0,5.0,356.85714285714283
386,Hoddesdon Distribution Ltd,"Cob Drive Swan Valley
Northampton
NN4 9BB
GBR",120.0,6.0,198.42857142857142
387,Hoddesdon Distribution Ltd,"Cob Drive Swan Valley
Northampton
NN4 9BB
GBR",200.0,10.0,305.42857142857144
388,Hoddesdon Distribution Ltd,"Davy Close Park Farm Ind Est
Wellingborough
NN8 6XX
GBR",290.0,20.0,307.14285714285717
389,Shakespeare Transport Ltd,"Sparkbrook 
Birmingham
B11 1BH
GBR",120.15,3.0,37.449999999999996
390,Hoddesdon Distribution Ltd,"5 Solar Way Innova Park
Enfield
EN3 7XY
GBR",180.0,5.0,180.0
391,Hoddesdon Distribution Ltd,"7 Distribution Center 7500 Skyline Drive
Warrington
WA5 3TP
GBR",18.0,1.0,19.857142857142858
392,Hoddesdon Distribution Ltd,"7 Distribution Center 7500 Skyline Drive
Warrington
WA5 3TP
GBR",416.0,22.0,406.0
393,Hoddesdon Distribution Ltd,"Altendiez Way
Burton Latimer
NN15 5YT
GBR",292.0,21.0,299.85714285714283
394,Hoddesdon Distribution Ltd,"Deeside Industrial Park
Deeside, Flintshire
CH5 2NW
GBR",370.0,5.0,130.57142857142858
395,Hoddesdon Distribution Ltd,"Earlsgate Park Earls Road   Grangemouth  Stirlingshire
Stirlingshire
FK3 8UZ
GBR",876.0,23.0,915.2857142857143
396,Hoddesdon Distribution Ltd,"Foxbridge Way Off Pontefract Road Normanton
Wakefield
WF6 1TN
GBR",17.0,1.0,25.285714285714285
397,Hoddesdon Distribution Ltd,"Foxbridge Way Off Pontefract Road Normanton
Wakefield
WF6 1TN
GBR",380.0,23.0,387.42857142857144
398,Hoddesdon Distribution Ltd,"K ing St Rudheath (A556/A533)
Northwich
CW9 7WA
GBR",422.0,14.97,365.35714285714283
399,Hoddesdon Distribution Ltd,"Kings Road
Bridgwater
TA6 4FG
GBR",443.0,14.0,418.42857142857144
400,Hoddesdon Distribution Ltd,"Magna Park A5 Watling Street
Lutterworth
LE17 4QU
GBR",13.0,1.0,15.0
401,Hoddesdon Distribution Ltd,"Magna Park A5 Watling Street
Lutterworth
LE17 4QU
GBR",296.0,23.0,298.2857142857143
402,Hoddesdon Distribution Ltd,"Milton Park Milton
Abingdon
OX14 4TF
GBR",13.0,2.0,21.285714285714285
403,Hoddesdon Distribution Ltd,"Milton Park Milton
Abingdon
OX14 4TF
GBR",291.0,23.0,288.57142857142856
404,Hoddesdon Distribution Ltd,"Off Silverdale Road Pump Lane
Hayes
UB3 3BL
GBR",255.0,10.0,197.85714285714286
405,Hoddesdon Distribution Ltd,"Wakefield 41 Ind Est
Wakefield
WF2 0XF
GBR",352.0,12.0,365.14285714285717
406,Hoddesdon Distribution Ltd,"Waldrist Way
Erith
DA18 4AG
GBR",98.0,2.0,28.857142857142858
407,Shakespeare Transport Ltd,"Trading as Quality Foods 49-61 South Road
Southall
UB1 1SQ
GBR",148.05,3.0,135.9857142857143
408,Lenham Storage Co Ltd,"Unit 2D Central Boulevard Prologis Park    Coventry
Coventry
CV6 4BX
GBR",108.08,6.0,184.11428571428573
409,Lenham Storage Co Ltd,"Unit 2D Central Boulevard Prologis Park    Coventry
Coventry
CV6 4BX
GBR",189.14,10.0,218.94285714285715
410,Hoddesdon Distribution Ltd,"2 Cornwall Road
Smethwick

Birmingham
B66 2JR
GBR",360.0,21.0,282.7142857142857
411,Hoddesdon Distribution Ltd,"2 Princess Road  West Sussex
Crawley
RH11 7BJ
GBR",170.0,2.66,140.07142857142858
412,Hoddesdon Distribution Ltd,"2 Princess Road  West Sussex
Crawley
RH11 7BJ
GBR",340.0,1.3,134.5
413,Hoddesdon Distribution Ltd,"237 -239 South Road 
Birmingham
B18 5JS
GBR",290.0,12.0,273.85714285714283
414,Hoddesdon Distribution Ltd,"7 Solar WayInova Park
Enfield
EN3 7XY
GBR",135.0,3.0,109.09285714285714
415,Hoddesdon Distribution Ltd,"c/o DHL Foxhills Ind Est
Scunthorpe
DN159YA
GBR",205.0,4.0,313.57142857142856
416,Hoddesdon Distribution Ltd,"Cob Drive Swan Valley
Northampton
NN4 9BB
GBR",310.0,10.0,305.42857142857144
417,Hoddesdon Distribution Ltd,"Do not use staples in PW Langley Park Chalk Lane
Sutton Bridge
PE12 9YF
GBR",380.0,4.0,417.14285714285717
418,Hoddesdon Distribution Ltd,"Do not use staples in PW Langley Park Chalk Lane
Sutton Bridge
PE12 9YF
GBR",760.0,37.0,417.85714285714283
419,Hoddesdon Distribution Ltd,"Fesa 
Clay lake 
Spalding
PE12 6BL
GBR",360.0,12.0,290.2857142857143
420,Hoddesdon Distribution Ltd,"Fishers Way Crabtree Manor Way  Belvedere Kent
DA17 6BS
GBR",140.0,2.0,38.714285714285715
421,Hoddesdon Distribution Ltd,"Hailey Rd. Business Park
Erith
DA18 4AR
GBR",21.0,2.0,39.714285714285715
422,Hoddesdon Distribution Ltd,"Hailey Rd. Business Park
Erith
DA18 4AR
GBR",124.0,3.0,59.857142857142854
423,Hoddesdon Distribution Ltd,"Hailey Rd. Business Park
Erith
DA18 4AR
GBR",163.0,8.0,156.71428571428572
424,Hoddesdon Distribution Ltd,"Kings Road
Bridgwater
TA6 4FG
GBR",400.0,3.0,416.2857142857143
425,Hoddesdon Distribution Ltd,"Melford Road Righead Industrial Estate
Bellshill
ML4  3QD
GBR",970.0,6.0,817.8571428571429
426,Hoddesdon Distribution Ltd,"T/A IqbroUnit 3 C Button End Industrial Estate Button End
Harston
CB22 7GX
GBR",200.0,5.0,133.71428571428572
427,Hoddesdon Distribution Ltd,"Windmill Lane
Southall
UB2 4NA
GBR",186.0,5.0,225.57142857142858
428,Hoddesdon Distribution Ltd,"Windmill Lane
Southall
UB2 4NA
GBR",290.0,24.0,255.28571428571428
429,Shakespeare Transport Ltd,"Brown Street Globe Works
Accrington
BB5 0RH
GBR",120.15,3.0,52.18571428571429
430,Shakespeare Transport Ltd,"Greenbank Business Park Blakewater Road
Blackburn
BB1 3HU
GBR",120.15,3.0,65.63571428571429
431,Hoddesdon Distribution Ltd,"Furnham Rd
Chard
TA20 1AA
GBR",265.0,4.0,283.57142857142856
432,Shakespeare Transport Ltd,"Ahmed HouseBelle Vue Avenue
Longsight , Manchester
M12 4AS
GBR",120.15,3.0,87.75714285714285
433,Shakespeare Transport Ltd,"Caresgate Road South
Inverness
IV3 8LL
GBR",342.4,4.0,150.65714285714284
434,Hoddesdon Distribution Ltd,"5 Solar Way Innova Park
Enfield
EN3 7XY
GBR",200.0,6.0,188.57142857142858
435,Hoddesdon Distribution Ltd,"7 Distribution Center 7500 Skyline Drive
Warrington
WA5 3TP
GBR",18.0,1.0,19.857142857142858
436,Hoddesdon Distribution Ltd,"7 Distribution Center 7500 Skyline Drive
Warrington
WA5 3TP
GBR",416.0,23.0,418.14285714285717
437,Hoddesdon Distribution Ltd,"Altendiez Way
Burton Latimer
NN15 5YT
GBR",286.0,12.0,288.0
438,Hoddesdon Distribution Ltd,"Ash Road South Wrexham Ind Estate
Wrexham, Wales
LL13 9UG
GBR",415.0,12.0,423.57142857142856
439,Hoddesdon Distribution Ltd,"Chillpark Brake Clyst Honiton 
Exeter
EX5 2FU
GBR",520.0,5.0,249.71428571428572
440,Hoddesdon Distribution Ltd,"Crossways Business Park Galleon Boulevard
Dartford
DA2 6QL
GBR",9.0,1.0,60.57142857142857
441,Hoddesdon Distribution Ltd,"Crossways Business Park Galleon Boulevard
Dartford
DA2 6QL
GBR",17.0,2.0,16.571428571428573
442,Hoddesdon Distribution Ltd,"Crossways Business Park Galleon Boulevard
Dartford
DA2 6QL
GBR",190.0,22.0,168.57142857142858
443,Hoddesdon Distribution Ltd,"Do not use staples in PW Langley Park Chalk Lane
Sutton Bridge
PE12 9YF
GBR",380.0,24.0,363.57142857142856
444,Hoddesdon Distribution Ltd,"Earlsgate Park Earls Road   Grangemouth  Stirlingshire
Stirlingshire
FK3 8UZ
GBR",76.0,2.0,43.57142857142857
445,Hoddesdon Distribution Ltd,"Earlsgate Park Earls Road   Grangemouth  Stirlingshire
Stirlingshire
FK3 8UZ
GBR",838.0,22.0,881.7142857142857
446,Hoddesdon Distribution Ltd,"Foxbridge Way Off Pontefract Road Normanton
Wakefield
WF6 1TN
GBR",17.0,1.0,25.285714285714285
447,Hoddesdon Distribution Ltd,"Foxbridge Way Off Pontefract Road Normanton
Wakefield
WF6 1TN
GBR",380.0,23.0,387.42857142857144
448,Hoddesdon Distribution Ltd,"K ing St Rudheath (A556/A533)
Northwich
CW9 7WA
GBR",396.0,9.0,352.85714285714283
449,Hoddesdon Distribution Ltd,"Kings Road
Bridgwater
TA6 4FG
GBR",426.0,11.0,426.2857142857143
450,Hoddesdon Distribution Ltd,"Magna Park A5 Watling Street
Lutterworth
LE17 4QU
GBR",13.0,3.0,22.571428571428573
451,Hoddesdon Distribution Ltd,"Magna Park A5 Watling Street
Lutterworth
LE17 4QU
GBR",283.0,22.0,285.57142857142856
452,Hoddesdon Distribution Ltd,"Melford Road Righead Industrial Estate
Bellshill
ML4  3QD
GBR",754.0,7.0,843.5714285714286
453,Hoddesdon Distribution Ltd,"Newhouse Farm Ind Est
Chepstow
NP6 6UD
GBR",34.0,2.0,27.428571428571427
454,Hoddesdon Distribution Ltd,"Newhouse Farm Ind Est
Chepstow
NP6 6UD
GBR",377.0,22.0,396.42857142857144
455,Hoddesdon Distribution Ltd,"Wag Hardwick Grange
Willston
WA1 4RJ
GBR",370.0,5.0,371.42857142857144
456,Hoddesdon Distribution Ltd,"Wakefield 41 Ind Est
Wakefield
WF2 0XF
GBR",364.0,11.0,365.14285714285717
457,Lenham Storage Co Ltd,"Murrayfield Road  Braunstone Frith Ind Estate   
Leicester
LE3 1UW
GBR",167.03,4.0,129.21
458,Lenham Storage Co Ltd,"Oliver Road
West Thurrock
RM20 3EN
GBR",130.98,6.0,125.71
459,Lenham Storage Co Ltd,"Rutherford Drive Park Farm
South Wellingborough
NN8 6AQ
GBR",199.99,6.0,191.65142857142857
460,Hoddesdon Distribution Ltd,"169 Ettingshall Road
Wolverhampton
WV2 2RB
GBR",195.0,5.0,252.14285714285714
461,Hoddesdon Distribution Ltd,"Davy Close Park Farm Ind Est
Wellingborough
NN8 6XX
GBR",330.0,22.0,310.0
462,Hoddesdon Distribution Ltd,"Greencore Prepared Foods Hownsgill Park Consett Co. Durham
DH8 7NU
GBR",360.0,16.0,373.7142857142857
463,Hoddesdon Distribution Ltd,"Kent Street
Preston
PR1 1PT
GBR",380.0,7.0,79.57142857142857
464,Hoddesdon Distribution Ltd,"Penzance Drive Churchward Park
Swindon
SN5 7JF
GBR",295.0,5.0,295.0
465,Hoddesdon Distribution Ltd,"Quality Foods 34- 62 Staines Road Hounslow
Hounslow
TW3 3LZ
GBR",205.0,6.0,145.71428571428572
466,Shakespeare Transport Ltd,"Ahmed Building Thornbury Road
Bradford
BD3 8HE
GBR",120.15,2.93,37.30714285714286
467,Shakespeare Transport Ltd,"Bridgeport Business Park Unit 455 Hastings Road
Leicester
LE5 0BT
GBR",120.15,3.0,40.59285714285714
468,Lenham Storage Co Ltd,"Waitrose National Dist Ctre Atkinson Way
Milton Keynes
MK17 8FF
GBR",25.84,1.0,123.34142857142857
469,Roche freight Ireland Ltd,"Killamonan Road The Ward Co.Dublin
Co dublin
DublinDublin
IRL",305.24,1.83,322.9171428571429
470,Hoddesdon Distribution Ltd,"7 Distribution Center 7500 Skyline Drive
Warrington
WA5 3TP
GBR",18.0,1.0,19.857142857142858
471,Hoddesdon Distribution Ltd,"7 Distribution Center 7500 Skyline Drive
Warrington
WA5 3TP
GBR",398.0,22.0,406.0
472,Hoddesdon Distribution Ltd,"Altendiez Way
Burton Latimer
NN15 5YT
GBR",233.0,7.0,290.42857142857144
473,Hoddesdon Distribution Ltd,"Altendiez Way
Burton Latimer
NN15 5YT
GBR",320.0,26.0,318.2857142857143
474,Hoddesdon Distribution Ltd,"Altendiez Way
Burton Latimer
NN15 5YT
GBR",466.0,3.0,290.42857142857144
475,Hoddesdon Distribution Ltd,"c/o DHL Foxhills Ind Est
Scunthorpe
DN159YA
GBR",385.0,10.0,377.14285714285717
476,Hoddesdon Distribution Ltd,"Crossways Business Park Galleon Boulevard
Dartford
DA2 6QL
GBR",9.0,1.0,60.57142857142857
477,Hoddesdon Distribution Ltd,"Crossways Business Park Galleon Boulevard
Dartford
DA2 6QL
GBR",198.0,23.0,174.71428571428572
478,Hoddesdon Distribution Ltd,"Fesa 
Clay lake 
Spalding
PE12 6BL
GBR",53.0,5.0,290.2857142857143
479,Hoddesdon Distribution Ltd,"Golden House Golden Bus Park Orient Way
Leyton
E10 7FE
GBR",240.0,14.0,268.85714285714283
480,Hoddesdon Distribution Ltd,"K ing St Rudheath (A556/A533)
Northwich
CW9 7WA
GBR",407.0,19.0,415.0
481,Hoddesdon Distribution Ltd,"Kings Road
Bridgwater
TA6 4FG
GBR",465.0,13.0,418.42857142857144
482,Hoddesdon Distribution Ltd,"Magna Park A5 Watling Street
Lutterworth
LE17 4QU
GBR",13.0,3.0,22.571428571428573
483,Hoddesdon Distribution Ltd,"Magna Park A5 Watling Street
Lutterworth
LE17 4QU
GBR",283.0,22.0,285.57142857142856
484,Hoddesdon Distribution Ltd,"Milton Park Milton
Abingdon
OX14 4TF
GBR",13.0,3.0,33.142857142857146
485,Hoddesdon Distribution Ltd,"Milton Park Milton
Abingdon
OX14 4TF
GBR",278.0,22.0,283.0
486,Hoddesdon Distribution Ltd,"Regional Distribution center 7502 Norman Road Belvedere
Bexley
DA17 6JY
GBR",290.0,8.0,175.0
487,Hoddesdon Distribution Ltd,"Rockingham Way Redhouse Interchange
Doncaster
DN6 7FB
GBR",66.0,4.0,78.0
488,Hoddesdon Distribution Ltd,"Rockingham Way Redhouse Interchange
Doncaster
DN6 7FB
GBR",114.0,7.0,139.28571428571428
489,Hoddesdon Distribution Ltd,"Rockingham Way Redhouse Interchange
Doncaster
DN6 7FB
GBR",131.0,8.0,182.85714285714286
490,Hoddesdon Distribution Ltd,"Units 18-19 North Way Walworth Industrial Estate  Andover  Hants
Andover
SP10 5AZ
GBR",115.0,2.0,35.142857142857146
491,Hoddesdon Distribution Ltd,"Wakefield 41 Ind Est
Wakefield
WF2 0XF
GBR",440.0,23.0,435.14285714285717
492,Hoddesdon Distribution Ltd,"Windmill Lane
Southall
UB2 4NA
GBR",290.0,24.0,255.28571428571428
493,Shakespeare Transport Ltd,"Richmond Street
Birmingham
B70 0DD
GBR",120.15,3.0,22.571428571428573
494,Shakespeare Transport Ltd,"Unit 8198 Camford Way
Luton
LU33AN
GBR",120.15,3.0,51.42857142857143
495,Lenham Storage Co Ltd,"401 Edinburgh Road Newhouse  Motherwell  North Lanarkshire
Motherwell
ML1 5GH
GBR",553.95,10.0,444.8457142857143
496,Lenham Storage Co Ltd,"Unit 2D Central Boulevard Prologis Park    Coventry
Coventry
CV6 4BX
GBR",506.99,32.0,452.26142857142855
497,Lenham Storage Co Ltd,"Wincanton Elton Head oad
St Helens
WA9 5AX
GBR",300.34,8.0,262.8014285714286
498,Hoddesdon Distribution Ltd,"Fishers Way Crabtree Manor Way   Kent
Belvedere
DA17 6BS
GBR",150.0,3.0,82.71428571428571
499,Hoddesdon Distribution Ltd,"Hailey Rd. Business Park
Erith
DA18 4AR
GBR",22.0,1.0,48.857142857142854
500,Hoddesdon Distribution Ltd,"Hailey Rd. Business Park
Erith
DA18 4AR
GBR",173.0,8.0,156.71428571428572
501,Hoddesdon Distribution Ltd,"Melford Road Righead Industrial Estate
Bellshill
ML4  3QD
GBR",970.0,10.97,792.2857142857143
502,Hoddesdon Distribution Ltd,"Windmill Lane
Southall
UB2 4NA
GBR",290.0,24.0,255.28571428571428
503,Shakespeare Transport Ltd,"272-274 Gladstone Street
Peterborough
PE1 2BS
GBR",120.15,3.0,40.59285714285714
504,Shakespeare Transport Ltd,"55-56 St Mary's Road
Southampton
SO14 0BH
GBR",151.2,3.0,56.378571428571426
505,Shakespeare Transport Ltd,"Mr Shabir Ahmed36 Park Road Oldham
Oldham
OL8 1DB
GBR",120.15,3.0,102.45
506,Shakespeare Transport Ltd,"Trading as Quality Foods 49-61 South Road
Southall
UB1 1SQ
GBR",148.05,3.0,135.9857142857143
507,Shakespeare Transport Ltd,"Unit 5 Riverside Way Uxbridge
WAYUXBRIDGE
UB8 2YF
GBR",98.7,2.0,18.571428571428573
508,Barron Wood Distribution Ltd,"10 Avenue Marcelin Berthelot
F-92390Villeneuve la Garenne
FRA",455.0,24.0,390.57142857142856
509,Hoddesdon Distribution Ltd,"Dolphin Way Purfleet
Purfleet
RM19 1NZ
GBR",145.0,4.0,78.7
510,Hoddesdon Distribution Ltd,"169 Ettingshall Road
Wolverhampton
WV2 2RB
GBR",315.0,12.0,311.42857142857144
511,Hoddesdon Distribution Ltd,"173 Elswick Street Elswick
Newcastle Upon Tyne
NE4 6SR
GBR",165.0,3.02,42.214285714285715
512,Hoddesdon Distribution Ltd,"19 Mitre Road
Longsight, Manchester
M13 0NU
GBR",225.0,3.01,57.300000000000004
513,Hoddesdon Distribution Ltd,"2 Mandarin Way Pattison Ind. Estate District 15
Washington
NE38 8QA
GBR",49.0,2.0,114.28571428571429
514,Hoddesdon Distribution Ltd,"2 Mandarin Way Pattison Ind. Estate District 15
Washington
NE38 8QA
GBR",517.0,21.0,562.4285714285714
515,Hoddesdon Distribution Ltd,"32 Avis Way
New Haven
West Sussex
BN9 0DD
GBR",195.0,5.0,92.57142857142857
516,Hoddesdon Distribution Ltd,"44 Watts Grove
Bow
E3 3RE
GBR",265.0,16.0,214.71428571428572
517,Hoddesdon Distribution Ltd,"5 Solar Way Innova Park
Enfield
EN3 7XY
GBR",180.0,5.0,180.0
518,Hoddesdon Distribution Ltd,"Altendiez Way
Burton Latimer
NN15 5YT
GBR",231.0,6.0,290.42857142857144
519,Hoddesdon Distribution Ltd,"Ash Road South Wrexham Ind Estate
Wrexham, Wales
LL13 9UG
GBR",415.0,11.0,423.57142857142856
520,Hoddesdon Distribution Ltd,"Atlas Wharf Berkshire Road
London
E9 5NB
GBR",540.0,26.0,290.0
521,Hoddesdon Distribution Ltd,"Cameron Wood  Nettlehill Rd Houston Industrial Estate
LIVINGSTON
EH54 5DL
GBR",600.0,5.0,356.85714285714283
522,Hoddesdon Distribution Ltd,"Cob Drive Swan Valley
Northampton
NN4 9BB
GBR",200.0,3.0,177.0
523,Hoddesdon Distribution Ltd,"Do not use staples in PW Langley Park Chalk Lane
Sutton Bridge
PE12 9YF
GBR",265.0,24.0,363.57142857142856
524,Hoddesdon Distribution Ltd,"Do not use staples in PW Langley Park Chalk Lane
Sutton Bridge
PE12 9YF
GBR",380.0,24.0,363.57142857142856
525,Hoddesdon Distribution Ltd,"Earlsgate Park Earls Road   Grangemouth  Stirlingshire
Stirlingshire
FK3 8UZ
GBR",876.0,23.0,915.2857142857143
526,Hoddesdon Distribution Ltd,"Foxbridge Way Off Pontefract Road Normanton
Wakefield
WF6 1TN
GBR",17.0,1.0,25.285714285714285
527,Hoddesdon Distribution Ltd,"Foxbridge Way Off Pontefract Road Normanton
Wakefield
WF6 1TN
GBR",364.0,24.0,387.42857142857144
528,Hoddesdon Distribution Ltd,"Ivatt WayIvatt Business Park Westwood Industrial Estate
Peterborough
PE3 7PH
GBR",200.0,5.0,134.87857142857143
529,Hoddesdon Distribution Ltd,"K ing St Rudheath (A556/A533)
Northwich
CW9 7WA
GBR",380.0,9.0,352.85714285714283
530,Hoddesdon Distribution Ltd,"Kings Road
Bridgwater
TA6 4FG
GBR",426.0,11.0,426.2857142857143
531,Hoddesdon Distribution Ltd,"Newhouse Farm Ind Est
Chepstow
NP6 6UD
GBR",394.0,24.0,403.7142857142857
532,Hoddesdon Distribution Ltd,"Unit 910 River Road
Barking
IG11 ODG
GBR",240.0,12.0,263.85714285714283
533,Hoddesdon Distribution Ltd,"Wag Hardwick Grange
Willston
WA1 4RJ
GBR",370.0,5.0,371.42857142857144
534,Hoddesdon Distribution Ltd,"Wakefield 41 Ind Est
Wakefield
WF2 0XF
GBR",369.0,12.0,365.14285714285717
535,Shakespeare Transport Ltd,"Unit 19 Small HeathTrading Estate Armoury Road
Birmingham
B11 2RJ
GBR",120.15,3.0,50.614285714285714
536,Shakespeare Transport Ltd,"UNIT 24 WHOLESALE FRUIT CENTRE 
CARDIFF, Wales
CF11 8BB
GBR",126.9,3.0,103.68571428571428
537,Lenham Storage Co Ltd,"Murrayfield Road  Braunstone Frith Ind Estate   
Leicester
LE3 1UW
GBR",43.45,1.0,104.15428571428572
538,DHL Express Ltd,"3 Avenue de Br?hat Villebon-sur-Yvette 
91140Essonne
FRA",695.0,6.0,127.85714285714286
539,Hoddesdon Distribution Ltd,"5 Solar Way Innova Park
Enfield
EN3 7XY
GBR",180.0,5.0,180.0
540,Hoddesdon Distribution Ltd,"7/9 Blackwater Way
Aldershot
GU12 4DG
GBR",290.0,5.03,69.0
541,Hoddesdon Distribution Ltd,"Cob Drive Swan Valley
Northampton
NN4 9BB
GBR",260.0,5.0,178.42857142857142
542,Hoddesdon Distribution Ltd,"Fesa 
Clay lake 
Spalding
PE12 6BL
GBR",357.0,20.0,337.14285714285717
543,Hoddesdon Distribution Ltd,"Fesa 
Clay lake 
Spalding
PE12 6BL
GBR",410.0,24.0,337.14285714285717
544,Hoddesdon Distribution Ltd,"Fishers Way Crabtree Manor Way   Kent
Belvedere
DA17 6BS
GBR",170.0,5.0,89.71428571428571
545,Hoddesdon Distribution Ltd,"Melford Road Righead Industrial Estate
Bellshill
ML4  3QD
GBR",808.0,10.0,818.4285714285714
546,Hoddesdon Distribution Ltd,"Penzance Drive Churchward Park
Swindon
SN5 7JF
GBR",295.0,5.0,295.0
547,Hoddesdon Distribution Ltd,"Seafield Lane Beoley 
Worcestershire
Redditch 
B98 9DB
GBR",330.0,15.0,283.7142857142857
548,Hoddesdon Distribution Ltd,"Wag Hardwick Grange
Willston
WA1 4RJ
GBR",370.0,5.0,371.42857142857144
549,Shakespeare Transport Ltd,"Unit 2 Cliffe Commercial Park Longyoyd Bridge
Huddersfield
HD1 3JD
GBR",120.15,3.0,49.378571428571426
550,Lenham Storage Co Ltd,"Oliver Road
West Thurrock
RM20 3EN
GBR",105.0,5.0,119.47285714285715
551,Lenham Storage Co Ltd,"Unit 2D Central Boulevard Prologis Park    Coventry
Coventry
CV6 4BX
GBR",208.0,12.0,285.6042857142857
552,Lenham Storage Co Ltd,"Unit B Farmwell Lane Castlewood Business Park South Normanton
Alferton
NG17 1JF
GBR",269.44,7.0,245.2871428571428
553,Hoddesdon Distribution Ltd,"Do not use staples in PW Laburnum Farm Old Leake 
Boston
PE22 9PN
GBR",235.0,3.0,192.28571428571428
554,Hoddesdon Distribution Ltd,"Resturant Wholesale London Works Ripple Road
London
IG11 0SY
GBR",195.0,5.0,100.41428571428571
555,Hoddesdon Distribution Ltd,"Unit 15 Hallsford Bridge Ind. Est Stondon Road
Ongar
CM5 9RB
GBR",125.0,3.0,80.22857142857143
556,Hoddesdon Distribution Ltd,"Unit 5 A3 Approach Rima House Ripple Road 
Barking
IG11 0RH
GBR",250.0,13.0,265.2857142857143
557,Lenham Storage Co Ltd,"Andover Business Park Pioneer Road
Andover
SP11 8EZ
GBR",120.0,5.0,140.10285714285715
558,Lenham Storage Co Ltd,"Unit 2D Central Boulevard Prologis Park    Coventry
Coventry
CV6 4BX
GBR",208.0,9.0,196.9485714285714
559,Roche freight Ireland Ltd,"Killamonan Road The Ward Co.Dublin
Co dublin
DublinDublin
IRL",114.75,1.82,322.9171428571429
560,Hoddesdon Distribution Ltd,"7 Distribution Center 7500 Skyline Drive
Warrington
WA5 3TP
GBR",18.0,1.0,19.857142857142858
561,Hoddesdon Distribution Ltd,"7 Distribution Center 7500 Skyline Drive
Warrington
WA5 3TP
GBR",362.0,21.0,412.0
562,Hoddesdon Distribution Ltd,"A Division of Samworth Brothers Limited- Oak Spinney Park Ratby Lane Forest East
Leicester
LE3 3JZ
GBR",230.0,3.0,105.28571428571429
563,Hoddesdon Distribution Ltd,"Altendiez Way
Burton Latimer
NN15 5YT
GBR",286.0,17.0,311.85714285714283
564,Hoddesdon Distribution Ltd,"Booth Drive Parkfarm Ind. Estate    Wellingborough  Northants
Wellingborough
NN8 6GR
GBR",110.0,2.0,106.28571428571429
565,Hoddesdon Distribution Ltd,"c/o DHL Foxhills Ind Est
Scunthorpe
DN159YA
GBR",360.0,6.0,313.57142857142856
566,Hoddesdon Distribution Ltd,"Cob Drive Swan Valley
Northampton
NN4 9BB
GBR",270.0,9.0,305.42857142857144
567,Hoddesdon Distribution Ltd,"Crossways Business Park Galleon Boulevard
Dartford
DA2 6QL
GBR",17.0,2.0,16.571428571428573
568,Hoddesdon Distribution Ltd,"Crossways Business Park Galleon Boulevard
Dartford
DA2 6QL
GBR",182.0,22.0,168.57142857142858
569,Hoddesdon Distribution Ltd,"Elmshall Drive Dale Lane Industrial Estate
Pontefract
WF9 2RH
GBR",125.0,2.0,48.714285714285715
570,Hoddesdon Distribution Ltd,"K ing St Rudheath (A556/A533)
Northwich
CW9 7WA
GBR",379.0,16.0,380.7857142857143
571,Hoddesdon Distribution Ltd,"Kings Road
Bridgwater
TA6 4FG
GBR",420.0,7.0,409.2857142857143
572,Hoddesdon Distribution Ltd,"Magna Park A5 Watling Street
Lutterworth
LE17 4QU
GBR",13.0,1.0,15.0
573,Hoddesdon Distribution Ltd,"Magna Park A5 Watling Street
Lutterworth
LE17 4QU
GBR",283.0,23.0,298.2857142857143
574,Hoddesdon Distribution Ltd,"Milton Park Milton
Abingdon
OX14 4TF
GBR",13.0,1.0,40.42857142857143
575,Hoddesdon Distribution Ltd,"Milton Park Milton
Abingdon
OX14 4TF
GBR",40.0,3.0,33.142857142857146
576,Hoddesdon Distribution Ltd,"Milton Park Milton
Abingdon
OX14 4TF
GBR",224.0,20.0,274.42857142857144
577,Hoddesdon Distribution Ltd,"Units 18-19 North Way Walworth Industrial Estate  Andover  Hants
Andover
SP10 5AZ
GBR",115.0,2.0,35.142857142857146
578,Hoddesdon Distribution Ltd,"Wakefield 41 Ind Est
Wakefield
WF2 0XF
GBR",380.0,19.0,364.2857142857143
579,Hoddesdon Distribution Ltd,"Waldrist Way
Erith
DA18 4AG
GBR",98.0,2.0,28.857142857142858
580,Lenham Storage Co Ltd,"Popular Way West Cabot park Avonmouth  Bristol
Bristol
BS11 0YW
GBR",196.26,5.0,186.29571428571427
581,Hoddesdon Distribution Ltd,"44 Watts Grove
Bow
E3 3RE
GBR",92.0,5.0,158.57142857142858
582,Hoddesdon Distribution Ltd,"Atlas Wharf Berkshire Road
London
E9 5NB
GBR",240.0,13.0,290.0
583,Hoddesdon Distribution Ltd,"Fishers Way Crabtree Manor Way   Kent
Belvedere
DA17 6BS
GBR",150.0,3.0,82.71428571428571
584,Hoddesdon Distribution Ltd,"Hailey Rd. Business Park
Erith
DA18 4AR
GBR",17.0,1.0,48.857142857142854
585,Hoddesdon Distribution Ltd,"Hailey Rd. Business Park
Erith
DA18 4AR
GBR",188.0,11.0,174.28571428571428
586,Hoddesdon Distribution Ltd,"HAYDOCK IND EST HAYDOCK
St Helens
WA11 9WD
GBR",450.0,10.0,414.0
587,Hoddesdon Distribution Ltd,"Melford Road Righead Industrial Estate
Bellshill
ML4  3QD
GBR",794.0,9.0,818.4285714285714
588,Hoddesdon Distribution Ltd,"South bridge way The Green
Southall
UB2 4AX
GBR",210.0,6.25,152.28571428571428
589,Hoddesdon Distribution Ltd,"Unit 9 Heston Industrial estate Aerodrome Way Cranford Lane
Heston
TW5 9QB
GBR",280.0,26.0,295.2857142857143
590,Hoddesdon Distribution Ltd,"Unit 910 River Road
Barking
IG11 ODG
GBR",195.0,5.0,84.0
591,Shakespeare Transport Ltd,"732 Oxford Road Reading Berkshire RG30 1EL
Reading
RG30 1EL
GBR",84.3,2.0,26.900000000000002
592,Shakespeare Transport Ltd,"84 Toryglen Street
Glasgow
G5 0BH
GBR",333.3,6.0,219.8642857142857
593,Shakespeare Transport Ltd,"Unit1 Dewsbury Road
Stoke on Trent
ST4 2HS
GBR",120.15,3.0,22.571428571428573
594,Hoddesdon Distribution Ltd,"3 Wollaston CrescentBurnt Mills Industrial Este
Basildon
SS13 1QD
GBR",140.0,3.0,40.285714285714285
595,Hoddesdon Distribution Ltd,"5 Solar Way Innova Park
Enfield
EN3 7XY
GBR",200.0,6.0,188.57142857142858
596,Hoddesdon Distribution Ltd,"7 Distribution Center 7500 Skyline Drive
Warrington
WA5 3TP
GBR",18.0,2.0,19.0
597,Hoddesdon Distribution Ltd,"7 Distribution Center 7500 Skyline Drive
Warrington
WA5 3TP
GBR",325.0,18.0,448.85714285714283
598,Hoddesdon Distribution Ltd,"Altendiez Way
Burton Latimer
NN15 5YT
GBR",303.0,18.0,293.2857142857143
599,Hoddesdon Distribution Ltd,"Ash Road South Wrexham Industrial Estate  Clwyd  Wrexham
Wrexham, Wales
LL13 9UG
GBR",385.0,9.0,94.85714285714286
600,Hoddesdon Distribution Ltd,"c/o DHL Foxhills Ind Est
Scunthorpe
DN159YA
GBR",360.0,6.0,313.57142857142856
601,Hoddesdon Distribution Ltd,"Cob Drive Swan Valley
Northampton
NN4 9BB
GBR",190.0,2.0,212.85714285714286
602,Hoddesdon Distribution Ltd,"Crossways Business Park Galleon Boulevard
Dartford
DA2 6QL
GBR",26.0,2.0,16.571428571428573
603,Hoddesdon Distribution Ltd,"Crossways Business Park Galleon Boulevard
Dartford
DA2 6QL
GBR",190.0,21.0,173.42857142857142
604,Hoddesdon Distribution Ltd,"Do not use staples in PW Langley Park Chalk Lane
Sutton Bridge
PE12 9YF
GBR",380.0,24.0,363.57142857142856
605,Hoddesdon Distribution Ltd,"Earlsgate Park Earls Road   Grangemouth  Stirlingshire
Stirlingshire
FK3 8UZ
GBR",38.0,2.0,43.57142857142857
606,Hoddesdon Distribution Ltd,"Earlsgate Park Earls Road   Grangemouth  Stirlingshire
Stirlingshire
FK3 8UZ
GBR",724.0,19.0,840.0
607,Hoddesdon Distribution Ltd,"Foxbridge Way Off Pontefract Road Normanton
Wakefield
WF6 1TN
GBR",16.0,1.0,25.285714285714285
608,Hoddesdon Distribution Ltd,"Foxbridge Way Off Pontefract Road Normanton
Wakefield
WF6 1TN
GBR",364.0,22.0,401.7142857142857
609,Hoddesdon Distribution Ltd,"K ing St Rudheath (A556/A533)
Northwich
CW9 7WA
GBR",326.0,6.0,334.57142857142856
610,Hoddesdon Distribution Ltd,"Kings Road
Bridgwater
TA6 4FG
GBR",429.0,12.0,426.2857142857143
611,Hoddesdon Distribution Ltd,"Magna Park A5 Watling Street
Lutterworth
LE17 4QU
GBR",13.0,1.0,15.0
612,Hoddesdon Distribution Ltd,"Magna Park A5 Watling Street
Lutterworth
LE17 4QU
GBR",26.0,2.0,18.571428571428573
613,Hoddesdon Distribution Ltd,"Magna Park A5 Watling Street
Lutterworth
LE17 4QU
GBR",232.0,18.0,285.7142857142857
614,Hoddesdon Distribution Ltd,"Milton Park Milton
Abingdon
OX14 4TF
GBR",13.0,1.0,40.42857142857143
615,Hoddesdon Distribution Ltd,"Milton Park Milton
Abingdon
OX14 4TF
GBR",25.0,2.0,21.285714285714285
616,Hoddesdon Distribution Ltd,"Milton Park Milton
Abingdon
OX14 4TF
GBR",51.0,4.0,36.42857142857143
617,Hoddesdon Distribution Ltd,"Milton Park Milton
Abingdon
OX14 4TF
GBR",178.0,14.0,260.14285714285717
618,Hoddesdon Distribution Ltd,"Newhouse Farm Ind Est
Chepstow
NP6 6UD
GBR",17.0,2.0,27.428571428571427
619,Hoddesdon Distribution Ltd,"Newhouse Farm Ind Est
Chepstow
NP6 6UD
GBR",377.0,22.0,396.42857142857144
620,Hoddesdon Distribution Ltd,"Penzance Drive Churchward Park
Swindon
SN5 7JF
GBR",295.0,5.0,295.0
621,Hoddesdon Distribution Ltd,"Regional Distribution center 7502 Norman Road Belvedere
Bexley
DA17 6JY
GBR",220.0,12.0,234.71428571428572
622,Hoddesdon Distribution Ltd,"Rockingham Way Redhouse Interchange
Doncaster
DN6 7FB
GBR",415.0,10.0,202.57142857142858
623,Hoddesdon Distribution Ltd,"Wag Hardwick Grange
Willston
WA1 4RJ
GBR",380.0,6.0,371.42857142857144
624,Hoddesdon Distribution Ltd,"Wakefield 41 Ind Est
Wakefield
WF2 0XF
GBR",385.0,14.0,386.57142857142856
625,Shakespeare Transport Ltd,"203 Dunstable Road
Luton
LU1 100
GBR",120.15,3.0,37.16428571428571
626,Shakespeare Transport Ltd,"Trading as Quality Foods 49-61 South Road
Southall
UB1 1SQ
GBR",148.05,3.0,135.9857142857143
627,Lenham Storage Co Ltd,"Murrayfield Road  Braunstone Frith Ind Estate   
Leicester
LE3 1UW
GBR",218.84,6.0,148.30714285714285
628,Lenham Storage Co Ltd,"Unit 2D Central Boulevard Prologis Park    Coventry
Coventry
CV6 4BX
GBR",224.94,10.0,218.94285714285715
629,Hoddesdon Distribution Ltd,"Fesa 
Clay lake 
Spalding
PE12 6BL
GBR",328.0,16.0,337.14285714285717
630,Hoddesdon Distribution Ltd,"Manchester Superstore 
Florence St
Bradford
BD3 8EX
GBR",225.0,4.0,51.0
631,Hoddesdon Distribution Ltd,"Melford Road Righead Industrial Estate
Bellshill
ML4  3QD
GBR",895.0,13.0,872.5714285714286
632,Hoddesdon Distribution Ltd,"Windmill Lane
Southall
UB2 4NA
GBR",290.0,24.0,255.28571428571428
633,Shakespeare Transport Ltd,"VIA LEA BRIDGE RD & ARGALL WAY
LEYTON
E10 7AS
GBR",173.7,3.0,121.48571428571428
634,Lenham Storage Co Ltd,"Unit 2D Central Boulevard Prologis Park    Coventry
Coventry
CV6 4BX
GBR",337.4,14.0,322.5357142857143
635,Hoddesdon Distribution Ltd,"76 Canterbury Road Croydon
Croydon
CR0 3HA
GBR",240.0,6.0,63.42857142857143
636,Hoddesdon Distribution Ltd,"Amotherby Malton
Malton
YO17 6TQ
GBR",210.0,1.0,109.85714285714286
637,Hoddesdon Distribution Ltd,"Davy Close Park Farm Ind Est
Wellingborough
NN8 6XX
GBR",290.0,21.0,310.0
638,Hoddesdon Distribution Ltd,"Fesa 
Clay lake 
Spalding
PE12 6BL
GBR",82.0,4.0,290.2857142857143
639,Hoddesdon Distribution Ltd,"Golden House Golden Bus Park Orient Way
Leyton
E10 7FE
GBR",220.0,12.0,268.85714285714283
640,Hoddesdon Distribution Ltd,"Unit 12- 13 Valley Road Business ParkValley Road
Keighley
BD21 4LZ
GBR",245.0,5.0,100.16428571428571
641,Hoddesdon Distribution Ltd,"Waterton Industrial Estate Cowbridge Road 
Bridgend
CF31 3PH
GBR",345.0,5.0,125.85714285714286
642,Shakespeare Transport Ltd,"Unit 15 Hallsford Bridge Ind. Est Stondon Road
Ongar
CM5 9RB
GBR",123.3,3.0,80.22857142857143
643,Roche freight Ireland Ltd,"Killamonan Road The Ward Co.Dublin
Co dublin
DublinDublin
IRL",406.98,2.43,322.9171428571429
644,Hoddesdon Distribution Ltd,"169 Ettingshall Road
Wolverhampton
WV2 2RB
GBR",315.0,10.0,287.85714285714283
645,Hoddesdon Distribution Ltd,"2 Mandarin Way Pattison Ind. Estate District 15
Washington
NE38 8QA
GBR",517.0,21.0,562.4285714285714
646,Hoddesdon Distribution Ltd,"44 Watts Grove
Bow
E3 3RE
GBR",128.0,7.0,158.57142857142858
647,Hoddesdon Distribution Ltd,"7 Distribution Center 7500 Skyline Drive
Warrington
WA5 3TP
GBR",452.0,25.0,457.14285714285717
648,Hoddesdon Distribution Ltd,"Crossways Business Park Galleon Boulevard
Dartford
DA2 6QL
GBR",9.0,2.0,16.571428571428573
649,Hoddesdon Distribution Ltd,"Crossways Business Park Galleon Boulevard
Dartford
DA2 6QL
GBR",190.0,22.0,168.57142857142858
650,Hoddesdon Distribution Ltd,"Crossways Business Park Galleon Boulevard
Dartford
DA2 6QL
GBR",207.0,24.0,207.42857142857142
651,Hoddesdon Distribution Ltd,"Deeside Industrial Park
Deeside, Flintshire
CH5 2NW
GBR",370.0,5.0,130.57142857142858
652,Hoddesdon Distribution Ltd,"Earlsgate Park Earls Road   Grangemouth  Stirlingshire
Stirlingshire
FK3 8UZ
GBR",876.0,23.0,915.2857142857143
653,Hoddesdon Distribution Ltd,"Foxbridge Way Off Pontefract Road Normanton
Wakefield
WF6 1TN
GBR",17.0,1.0,25.285714285714285
654,Hoddesdon Distribution Ltd,"Foxbridge Way Off Pontefract Road Normanton
Wakefield
WF6 1TN
GBR",347.0,21.0,398.42857142857144
655,Hoddesdon Distribution Ltd,"Kings Road
Bridgwater
TA6 4FG
GBR",429.0,12.0,426.2857142857143
656,Hoddesdon Distribution Ltd,"Livingstone Road
Andover
SP10 5LA
GBR",159.0,3.0,86.14285714285714
657,Hoddesdon Distribution Ltd,"Magna Park A5 Watling Street
Lutterworth
LE17 4QU
GBR",13.0,1.0,15.0
658,Hoddesdon Distribution Ltd,"Magna Park A5 Watling Street
Lutterworth
LE17 4QU
GBR",26.0,2.0,18.571428571428573
659,Hoddesdon Distribution Ltd,"Magna Park A5 Watling Street
Lutterworth
LE17 4QU
GBR",270.0,21.0,282.7142857142857
660,Hoddesdon Distribution Ltd,"Milton Park Milton
Abingdon
OX14 4TF
GBR",13.0,1.0,40.42857142857143
661,Hoddesdon Distribution Ltd,"Milton Park Milton
Abingdon
OX14 4TF
GBR",25.0,2.0,21.285714285714285
662,Hoddesdon Distribution Ltd,"Milton Park Milton
Abingdon
OX14 4TF
GBR",292.0,23.0,288.57142857142856
663,Hoddesdon Distribution Ltd,"Newhouse Farm Ind Est
Chepstow
NP6 6UD
GBR",17.0,1.0,22.714285714285715
664,Hoddesdon Distribution Ltd,"Newhouse Farm Ind Est
Chepstow
NP6 6UD
GBR",394.0,23.0,396.14285714285717
665,Hoddesdon Distribution Ltd,"Rockingham Way Redhouse Interchange
Doncaster
DN6 7FB
GBR",32.0,2.0,54.57142857142857
666,Hoddesdon Distribution Ltd,"Rockingham Way Redhouse Interchange
Doncaster
DN6 7FB
GBR",98.0,6.0,114.0
667,Hoddesdon Distribution Ltd,"Rockingham Way Redhouse Interchange
Doncaster
DN6 7FB
GBR",163.0,10.0,202.57142857142858
668,Shakespeare Transport Ltd,"75-83 Oldham Road
Ashton Under Lyne
OL6 7DF
GBR",120.15,2.86,39.021428571428565
669,Shakespeare Transport Ltd,"Stonehouse Street Lithorpe
Middlesborough
TS5 6HR
GBR",123.3,1.5,124.62857142857142
670,Shakespeare Transport Ltd,"Stonehouse Street Lithorpe
Middlesborough
TS5 6HR
GBR",246.6,1.5,124.62857142857142
671,Hoddesdon Distribution Ltd,"5 Solar Way Innova Park
Enfield
EN3 7XY
GBR",180.0,5.0,180.0
672,Hoddesdon Distribution Ltd,"Altendiez Way
Burton Latimer
NN15 5YT
GBR",254.0,9.0,260.85714285714283
673,Hoddesdon Distribution Ltd,"Altendiez Way
Burton Latimer
NN15 5YT
GBR",320.0,26.0,318.2857142857143
674,Hoddesdon Distribution Ltd,"Greencore Prepared Foods Hownsgill Park Consett Co. Durham
DH8 7NU
GBR",380.0,4.0,322.57142857142856
675,Hoddesdon Distribution Ltd,"Hailey Rd. Business Park
Erith
DA18 4AR
GBR",15.0,1.0,48.857142857142854
676,Hoddesdon Distribution Ltd,"Hailey Rd. Business Park
Erith
DA18 4AR
GBR",200.0,13.0,208.71428571428572
677,Hoddesdon Distribution Ltd,"K ing St Rudheath (A556/A533)
Northwich
CW9 7WA
GBR",391.0,20.0,415.0
678,Hoddesdon Distribution Ltd,"Melford Road Righead Industrial Estate
Bellshill
ML4  3QD
GBR",882.0,10.0,818.4285714285714
679,Hoddesdon Distribution Ltd,"Off Silverdale Road Pump Lane
Hayes
UB3 3BL
GBR",230.0,6.0,135.85714285714286
680,Hoddesdon Distribution Ltd,"Upper Thomas Street
Aston
Birmingham
B6 5AD
GBR",290.0,12.0,253.07142857142858
681,Hoddesdon Distribution Ltd,"Wakefield 41 Ind Est
Wakefield
WF2 0XF
GBR",440.0,26.0,435.14285714285717
682,Lenham Storage Co Ltd,"401 Edinburgh Road Newhouse  Motherwell  North Lanarkshire
Motherwell
ML1 5GH
GBR",415.02,6.0,444.8457142857143
683,Lenham Storage Co Ltd,"Unit 2D Central Boulevard Prologis Park    Coventry
Coventry
CV6 4BX
GBR",168.7,11.0,227.8285714285714
684,Hoddesdon Distribution Ltd,"109-111 Lozells Road
West Midlands
B19 2TR
GBR",250.0,3.25,231.52142857142857
685,Hoddesdon Distribution Ltd,"109-111 Lozells Road
West Midlands
B19 2TR
GBR",500.0,3.7,231.52142857142857
686,Hoddesdon Distribution Ltd,"460-462 London Road
Croydon
CR0 2SS
GBR",160.0,3.92,29.571428571428573
687,Hoddesdon Distribution Ltd,"7 Distribution Center 7500 Skyline Drive
Warrington
WA5 3TP
GBR",470.0,25.0,457.14285714285717
688,Hoddesdon Distribution Ltd,"94-96 Cromer Street
Kings Cross
WC1H 8DD
GBR",250.0,4.93,64.85714285714286
689,Hoddesdon Distribution Ltd,"Altendiez Way
Burton Latimer
NN15 5YT
GBR",270.0,7.0,290.42857142857144
690,Hoddesdon Distribution Ltd,"Ash Road South Wrexham Ind Estate
Wrexham, Wales
LL13 9UG
GBR",445.0,13.0,423.57142857142856
691,Hoddesdon Distribution Ltd,"Crossways Business Park Galleon Boulevard
Dartford
DA2 6QL
GBR",9.0,1.0,60.57142857142857
692,Hoddesdon Distribution Ltd,"Crossways Business Park Galleon Boulevard
Dartford
DA2 6QL
GBR",207.0,23.0,174.71428571428572
693,Hoddesdon Distribution Ltd,"Davy Close Park Farm Ind Est
Wellingborough
NN8 6XX
GBR",270.0,14.0,304.2857142857143
694,Hoddesdon Distribution Ltd,"Davy Close Park Farm Ind Est
Wellingborough
NN8 6XX
GBR",310.0,17.0,304.2857142857143
695,Hoddesdon Distribution Ltd,"Davy Close Park Farm Ind Est
Wellingborough
NN8 6XX
GBR",330.0,24.0,310.0
696,Hoddesdon Distribution Ltd,"Do not use staples in PW Langley Park Chalk Lane
Sutton Bridge
PE12 9YF
GBR",380.0,24.0,363.57142857142856
697,Hoddesdon Distribution Ltd,"Foxbridge Way Off Pontefract Road Normanton
Wakefield
WF6 1TN
GBR",430.0,25.0,387.42857142857144
698,Hoddesdon Distribution Ltd,"Furnham Rd
Chard
TA20 1AA
GBR",395.0,7.0,283.57142857142856
699,Hoddesdon Distribution Ltd,"K ing St Rudheath (A556/A533)
Northwich
CW9 7WA
GBR",380.0,8.0,352.85714285714283
700,Hoddesdon Distribution Ltd,"Kings Road
Bridgwater
TA6 4FG
GBR",420.0,8.0,413.42857142857144
701,Hoddesdon Distribution Ltd,"Magna Park A5 Watling Street
Lutterworth
LE17 4QU
GBR",13.0,2.0,18.571428571428573
702,Hoddesdon Distribution Ltd,"Magna Park A5 Watling Street
Lutterworth
LE17 4QU
GBR",309.0,23.0,298.2857142857143
703,Hoddesdon Distribution Ltd,"Melford Road Righead Industrial Estate
Bellshill
ML4  3QD
GBR",970.0,9.0,818.4285714285714
704,Hoddesdon Distribution Ltd,"Milton Park Milton
Abingdon
OX14 4TF
GBR",13.0,1.0,40.42857142857143
705,Hoddesdon Distribution Ltd,"Milton Park Milton
Abingdon
OX14 4TF
GBR",25.0,2.0,21.285714285714285
706,Hoddesdon Distribution Ltd,"Milton Park Milton
Abingdon
OX14 4TF
GBR",292.0,23.0,288.57142857142856
707,Hoddesdon Distribution Ltd,"Newhouse Farm Ind Est
Chepstow
NP6 6UD
GBR",445.0,25.0,423.14285714285717
708,Hoddesdon Distribution Ltd,"T/A IqbroUnit 3 C Button End Industrial Estate Button End
Harston
CB22 7GX
GBR",170.0,4.0,129.28571428571428
709,Hoddesdon Distribution Ltd,"Unit 6  Guardian Road Ind. Estate Guardian Road
Norwich
NR5 8PF
GBR",255.0,5.0,73.18571428571428
710,Hoddesdon Distribution Ltd,"Wakefield 41 Ind Est
Wakefield
WF2 0XF
GBR",430.0,13.0,386.57142857142856
711,Shakespeare Transport Ltd,"2 Princess Road  West Sussex
Crawley
RH11 7BJ
GBR",141.9,3.0,134.78571428571428
712,Lenham Storage Co Ltd,"Murrayfield Road  Braunstone Frith Ind Estate   
Leicester
LE3 1UW
GBR",85.16,2.0,104.15428571428572
713,Lenham Storage Co Ltd,"Unit 2D Central Boulevard Prologis Park    Coventry
Coventry
CV6 4BX
GBR",324.24,12.0,285.6042857142857
714,Lenham Storage Co Ltd,"Wincanton Elton Head oad
St Helens
WA9 5AX
GBR",261.39,6.0,253.3942857142857
715,Hoddesdon Distribution Ltd,"c/o DHL Foxhills Ind Est
Scunthorpe
DN159YA
GBR",430.0,15.0,402.85714285714283
716,Hoddesdon Distribution Ltd,"Cob Drive Swan Valley
Northampton
NN4 9BB
GBR",320.0,26.0,317.7142857142857
717,Hoddesdon Distribution Ltd,"Earlsgate Park Earls Road   Grangemouth  Stirlingshire
Stirlingshire
FK3 8UZ
GBR",41.0,1.0,43.57142857142857
718,Hoddesdon Distribution Ltd,"Earlsgate Park Earls Road   Grangemouth  Stirlingshire
Stirlingshire
FK3 8UZ
GBR",949.0,23.0,915.2857142857143
719,Hoddesdon Distribution Ltd,"Penzance Drive Churchward Park
Swindon
SN5 7JF
GBR",295.0,5.0,295.0
720,Hoddesdon Distribution Ltd,"Unit 1553 Lewisher Road
Leicester
LE4 9LR
GBR",290.0,10.0,239.57142857142858
721,Shakespeare Transport Ltd,"125 River Road
Barking
IG11 0EG
GBR",96.6,2.0,40.31428571428571
722,Shakespeare Transport Ltd,"675A Mitcham Road
Croydon
CR0 3AF
GBR",96.6,2.0,28.657142857142855
723,Shakespeare Transport Ltd,"Dhamecha C & C 2 Fordmil Road Catford
Lewisham
SE6 3JH
GBR",115.8,2.0,35.25714285714286
724,Shakespeare Transport Ltd,"Dhamecha C & C 243 Blyth Road
Hayes
UB3 1RY
GBR",98.7,2.0,32.81428571428571
725,Shakespeare Transport Ltd,"Dhamecha Cash & Carry 101 Cobden Street
Leicester
LE1 2LB
GBR",80.1,2.0,35.885714285714286
726,Shakespeare Transport Ltd,"Imperial Way
Watford
WD24 4UA
GBR",45.2,1.0,23.62857142857143
727,Shakespeare Transport Ltd,"Steel Bright Road Off Rabone Lane Smethwick
Birmingham
B66 2NW
GBR",80.1,2.0,26.3
728,Shakespeare Transport Ltd,"Unit 1 Cape Hill Retail Centre Smethwick
Brimingham
B66 4PH
GBR",120.15,1.59,64.49285714285715
729,Shakespeare Transport Ltd,"Unit 1 Cape Hill Retail Centre Smethwick
Brimingham
B66 4PH
GBR",240.3,1.4,61.77857142857143
730,Shakespeare Transport Ltd,"Wembley Stadium Industrial Estate First Way
Wembley
HA9 0TU
GBR",96.6,2.0,42.521428571428565
731,Lenham Storage Co Ltd,"Andover Business Park Pioneer Road
Andover
SP11 8EZ
GBR",179.89,5.0,140.10285714285715
732,Lenham Storage Co Ltd,"Oliver Road
West Thurrock
RM20 3EN
GBR",109.15,5.0,119.47285714285715
733,Lenham Storage Co Ltd,"Popular Way West Cabot park Avonmouth  Bristol
Bristol
BS11 0YW
GBR",196.26,5.0,186.29571428571427
734,Lenham Storage Co Ltd,"Rutherford Drive Park Farm
South Wellingborough
NN8 6AQ
GBR",199.99,6.0,191.65142857142857
735,Fercam Austria Gmbh,"Schaferhauser Str. 2/2
73240Wendlingen
DEU",630.0,25.0,410.0
736,Hoddesdon Distribution Ltd,"169 Ettingshall Road
Wolverhampton
WV2 2RB
GBR",360.0,16.0,311.42857142857144
737,Hoddesdon Distribution Ltd,"Cameron Wood  Nettlehill Rd Houston Industrial Estate
LIVINGSTON
EH54 5DL
GBR",600.0,5.0,356.85714285714283
738,Hoddesdon Distribution Ltd,"Davy Close Park Farm Ind Est
Wellingborough
NN8 6XX
GBR",310.0,14.0,304.2857142857143
739,Hoddesdon Distribution Ltd,"Do not use staples in PW Laburnum Farm Old Leake 
Boston
PE22 9PN
GBR",235.0,3.0,192.28571428571428
740,Hoddesdon Distribution Ltd,"Queensway
Rochdale
OL11 2NU
GBR",390.0,8.0,179.30714285714288
741,Hoddesdon Distribution Ltd,"Windmill Lane
Southall
UB2 4NA
GBR",186.0,5.0,225.57142857142858
742,Roche freight Ireland Ltd,"Killamonan Road The Ward Co.Dublin
Co dublin
DublinDublin
IRL",406.98,2.44,322.9171428571429
743,Salvatori Medway Ltd,"Greencore Prepared Foods Hownsgill Park Consett Co. Durham
DH8 7NU
GBR",382.0,8.0,390.42857142857144
744,Hoddesdon Distribution Ltd,"109-111 Lozells Road
West Midlands
B19 2TR
GBR",65.0,3.0,231.52142857142857
745,Hoddesdon Distribution Ltd,"109-111 Lozells Road
West Midlands
B19 2TR
GBR",260.0,12.0,231.52142857142857
746,Hoddesdon Distribution Ltd,"2 Mandarin Way Pattison Ind. Estate District 15
Washington
NE38 8QA
GBR",34.0,1.0,114.28571428571429
747,Hoddesdon Distribution Ltd,"2 Mandarin Way Pattison Ind. Estate District 15
Washington
NE38 8QA
GBR",606.0,19.0,562.4285714285714
748,Hoddesdon Distribution Ltd,"7 Distribution Center 7500 Skyline Drive
Warrington
WA5 3TP
GBR",24.0,1.0,19.857142857142858
749,Hoddesdon Distribution Ltd,"7 Distribution Center 7500 Skyline Drive
Warrington
WA5 3TP
GBR",422.0,19.0,440.85714285714283
750,Hoddesdon Distribution Ltd,"7 Distribution Center 7500 Skyline Drive
Warrington
WA5 3TP
GBR",470.0,25.0,457.14285714285717
751,Hoddesdon Distribution Ltd,"7 Solar WayInova Park
Enfield
EN3 7XY
GBR",135.0,3.0,109.09285714285714
752,Hoddesdon Distribution Ltd,"Ahmed HouseBelle Vue Avenue
Longsight , Manchester
M12 4AS
GBR",275.0,5.0,94.75714285714285
753,Hoddesdon Distribution Ltd,"Crossways Business Park Galleon Boulevard
Dartford
DA2 6QL
GBR",9.0,1.0,60.57142857142857
754,Hoddesdon Distribution Ltd,"Crossways Business Park Galleon Boulevard
Dartford
DA2 6QL
GBR",216.0,24.0,207.42857142857142
755,Hoddesdon Distribution Ltd,"Greencore Prepared Foods Hownsgill Park Consett Co. Durham
Co Durahm
DH8 7NU
GBR",540.0,10.0,540.0
756,Hoddesdon Distribution Ltd,"Kings Road
Bridgwater
TA6 4FG
GBR",422.0,16.0,419.14285714285717
757,Hoddesdon Distribution Ltd,"Magna Park A5 Watling Street
Lutterworth
LE17 4QU
GBR",15.0,2.0,18.571428571428573
758,Hoddesdon Distribution Ltd,"Magna Park A5 Watling Street
Lutterworth
LE17 4QU
GBR",305.0,21.0,282.7142857142857
759,Hoddesdon Distribution Ltd,"Newhouse Farm Ind Est
Chepstow
NP6 6UD
GBR",19.0,1.0,22.714285714285715
760,Hoddesdon Distribution Ltd,"Newhouse Farm Ind Est
Chepstow
NP6 6UD
GBR",407.0,21.0,398.14285714285717
761,Hoddesdon Distribution Ltd,"Rockingham Way Redhouse Interchange
Doncaster
DN6 7FB
GBR",49.0,3.0,65.71428571428571
762,Hoddesdon Distribution Ltd,"Rockingham Way Redhouse Interchange
Doncaster
DN6 7FB
GBR",82.0,5.0,85.57142857142857
763,Hoddesdon Distribution Ltd,"Rockingham Way Redhouse Interchange
Doncaster
DN6 7FB
GBR",212.0,13.0,204.28571428571428
764,Hoddesdon Distribution Ltd,"Unit8 Anchor Business Park Featherstall Road North
Oldham
OL9 6AZ
GBR",275.0,5.0,199.14285714285714
765,Hoddesdon Distribution Ltd,"Wag Hardwick Grange
Willston
WA1 4RJ
GBR",370.0,5.0,371.42857142857144
766,Hoddesdon Distribution Ltd,"Wakefield 41 Ind Est
Wakefield
WF2 0XF
GBR",440.0,26.0,435.14285714285717
767,Shakespeare Transport Ltd,"Ivatt WayIvatt Business Park Westwood Industrial Estate
Peterborough
PE3 7PH
GBR",120.15,3.0,128.1642857142857
768,Lenham Storage Co Ltd,"Unit 2D Central Boulevard Prologis Park    Coventry
Coventry
CV6 4BX
GBR",189.14,12.0,285.6042857142857
769,Hoddesdon Distribution Ltd,"5 Rima House, A13 Approach, Ripple Road, 					
					

Barking
IG11 0RH
GBR",260.0,26.0,293.14285714285717
770,Hoddesdon Distribution Ltd,"5 Solar Way Innova Park
Enfield
EN3 7XY
GBR",180.0,5.0,180.0
771,Hoddesdon Distribution Ltd,"5 Solar Way Innova Park
Enfield
EN3 7XY
GBR",200.0,9.0,191.42857142857142
772,Hoddesdon Distribution Ltd,"Altendiez Way
Burton Latimer
NN15 5YT
GBR",320.0,26.0,318.2857142857143
773,Hoddesdon Distribution Ltd,"Atlas Wharf Berkshire Road
London
E9 5NB
GBR",240.0,13.0,290.0
774,Hoddesdon Distribution Ltd,"Cob Drive Swan Valley
Northampton
NN4 9BB
GBR",66.0,1.0,142.0
775,Hoddesdon Distribution Ltd,"Earlsgate Park Earls Road   Grangemouth  Stirlingshire
Stirlingshire
FK3 8UZ
GBR",990.0,24.0,915.2857142857143
776,Hoddesdon Distribution Ltd,"Golden House Golden Bus Park Orient Way
Leyton
E10 7FE
GBR",205.0,9.0,88.85714285714286
777,Hoddesdon Distribution Ltd,"Hailey Rd. Business Park
Erith
DA18 4AR
GBR",15.0,1.0,48.857142857142854
778,Hoddesdon Distribution Ltd,"Hailey Rd. Business Park
Erith
DA18 4AR
GBR",200.0,13.0,208.71428571428572
779,Hoddesdon Distribution Ltd,"HAYDOCK IND EST HAYDOCK
St Helens
WA11 9WD
GBR",960.0,27.0,466.14285714285717
780,Hoddesdon Distribution Ltd,"K ing St Rudheath (A556/A533)
Northwich
CW9 7WA
GBR",390.0,13.0,365.35714285714283
781,Hoddesdon Distribution Ltd,"Melford Road Righead Industrial Estate
Bellshill
ML4  3QD
GBR",821.0,11.0,792.2857142857143
782,Hoddesdon Distribution Ltd,"Penzance Drive Churchward Park
Swindon
SN5 7JF
GBR",295.0,5.0,295.0
783,Hoddesdon Distribution Ltd,"Queensway
Rochdale
OL11 2NU
GBR",240.0,3.92,179.30714285714288
784,Hoddesdon Distribution Ltd,"Unit 6  Guardian Road Ind. Estate Guardian Road
Norwich
NR5 8PF
GBR",255.0,5.0,73.18571428571428
785,Hoddesdon Distribution Ltd,"2 Mandarin Way Pattison Ind. Estate District 15
Washington
NE38 8QA
GBR",36.0,1.0,114.28571428571429
786,Hoddesdon Distribution Ltd,"2 Mandarin Way Pattison Ind. Estate District 15
Washington
NE38 8QA
GBR",604.0,17.0,554.5714285714286
787,Hoddesdon Distribution Ltd,"7 Distribution Center 7500 Skyline Drive
Warrington
WA5 3TP
GBR",19.0,2.0,19.0
788,Hoddesdon Distribution Ltd,"7 Distribution Center 7500 Skyline Drive
Warrington
WA5 3TP
GBR",413.0,22.0,406.0
789,Hoddesdon Distribution Ltd,"Altendiez Way
Burton Latimer
NN15 5YT
GBR",320.0,26.0,318.2857142857143
790,Hoddesdon Distribution Ltd,"Ash Road South Wrexham Ind Estate
Wrexham, Wales
LL13 9UG
GBR",445.0,14.0,423.57142857142856
791,Hoddesdon Distribution Ltd,"Cob Drive Swan Valley
Northampton
NN4 9BB
GBR",134.0,2.0,212.85714285714286
792,Hoddesdon Distribution Ltd,"Cob Drive Swan Valley
Northampton
NN4 9BB
GBR",320.0,15.0,347.42857142857144
793,Hoddesdon Distribution Ltd,"Crossways Business Park Galleon Boulevard
Dartford
DA2 6QL
GBR",10.0,2.0,16.571428571428573
794,Hoddesdon Distribution Ltd,"Crossways Business Park Galleon Boulevard
Dartford
DA2 6QL
GBR",205.0,21.0,173.42857142857142
795,Hoddesdon Distribution Ltd,"Crossways Business Park Galleon Boulevard
Dartford
DA2 6QL
GBR",225.0,25.0,212.42857142857142
796,Hoddesdon Distribution Ltd,"Crossways Business Park Galleon Boulevard
Dartford
DA2 6QL
GBR",370.0,1.0,60.57142857142857
797,Hoddesdon Distribution Ltd,"Do not use staples in PW Langley Park Chalk Lane
Sutton Bridge
PE12 9YF
GBR",380.0,24.0,363.57142857142856
798,Hoddesdon Distribution Ltd,"Earlsgate Park Earls Road   Grangemouth  Stirlingshire
Stirlingshire
FK3 8UZ
GBR",43.0,1.0,43.57142857142857
799,Hoddesdon Distribution Ltd,"Earlsgate Park Earls Road   Grangemouth  Stirlingshire
Stirlingshire
FK3 8UZ
GBR",904.0,21.0,860.0
800,Hoddesdon Distribution Ltd,"Foxbridge Way Off Pontefract Road Normanton
Wakefield
WF6 1TN
GBR",20.0,1.0,25.285714285714285
801,Hoddesdon Distribution Ltd,"Foxbridge Way Off Pontefract Road Normanton
Wakefield
WF6 1TN
GBR",370.0,18.0,379.0
802,Hoddesdon Distribution Ltd,"K ing St Rudheath (A556/A533)
Northwich
CW9 7WA
GBR",394.0,21.0,415.0
803,Hoddesdon Distribution Ltd,"Kings Road
Bridgwater
TA6 4FG
GBR",475.0,26.0,454.85714285714283
804,Hoddesdon Distribution Ltd,"Magna Park A5 Watling Street
Lutterworth
LE17 4QU
GBR",16.0,1.0,15.0
805,Hoddesdon Distribution Ltd,"Magna Park A5 Watling Street
Lutterworth
LE17 4QU
GBR",30.0,2.0,18.571428571428573
806,Hoddesdon Distribution Ltd,"Magna Park A5 Watling Street
Lutterworth
LE17 4QU
GBR",289.0,19.0,291.7142857142857
807,Hoddesdon Distribution Ltd,"Milton Park Milton
Abingdon
OX14 4TF
GBR",40.0,3.0,33.142857142857146
808,Hoddesdon Distribution Ltd,"Milton Park Milton
Abingdon
OX14 4TF
GBR",290.0,22.0,283.0
809,Hoddesdon Distribution Ltd,"Newhouse Farm Ind Est
Chepstow
NP6 6UD
GBR",426.0,22.0,396.42857142857144
810,Hoddesdon Distribution Ltd,"Regional Distribution center 7502 Norman Road Belvedere
Bexley
DA17 6JY
GBR",225.0,16.0,234.71428571428572
811,Hoddesdon Distribution Ltd,"Wakefield 41 Ind Est
Wakefield
WF2 0XF
GBR",293.0,10.0,365.14285714285717
812,Hoddesdon Distribution Ltd,"Wakefield 41 Ind Est
Wakefield
WF2 0XF
GBR",440.0,26.0,435.14285714285717
813,Lenham Storage Co Ltd,"Unit 2D Central Boulevard Prologis Park    Coventry
Coventry
CV6 4BX
GBR",455.15,21.0,408.5485714285714
814,Lenham Storage Co Ltd,"Unit B Farmwell Lane Castlewood Business Park South Normanton
Alferton
NG17 1JF
GBR",220.87,5.0,238.34857142857143
815,DHL Express Ltd,"Pour Costco France Parc du Hode Num Portuaire 552 Saint Vigor D'Ymonville 
76430Essonne
FRA",750.0,2.0,334.42857142857144
816,DHL Express Ltd,"Pour Costco France Parc du Hode Num Portuaire 552 Saint Vigor D'Ymonville 
76430Essonne
FRA",1500.0,11.0,486.14285714285717
817,Fercam Austria Gmbh,"Auer Str.19
89257Illertissen
DEU",651.24,11.0,360.60571428571427
818,Fercam Austria Gmbh,"Auer Str.19
89257Illertissen
DEU",720.0,11.0,360.60571428571427
819,Hoddesdon Distribution Ltd,"FAO Kerry Terrington Greencore Food to go Spalding Wardentree Lane Pinchbeck
Spalding
PE11 3UY
GBR",200.0,2.0,47.285714285714285
820,Hoddesdon Distribution Ltd,"Hailey Rd. Business Park
Erith
DA18 4AR
GBR",64.0,1.0,48.857142857142854
821,Hoddesdon Distribution Ltd,"Main Warehouse Bays 10 to 13 Gousto C O Bowmans Chilled Stores Camel Gate
Spalding
PE12 6HA
GBR",410.0,24.0,374.14285714285717
822,Hoddesdon Distribution Ltd,"Melford Road Righead Industrial Estate
Bellshill
ML4  3QD
GBR",990.0,22.0,899.5714285714286
823,Hoddesdon Distribution Ltd,"Sonali Supermarket Birmingham ltd Lozells Road
Birmingham
B192TN
GBR",162.0,4.0,81.85714285714286
824,Hoddesdon Distribution Ltd,"unit 5, Trafalgar Trading Estate
82 Jeffreys Road
London
London
EN3 7TY
GBR",230.0,10.0,162.28571428571428
825,Hoddesdon Distribution Ltd,"Unit A Trafalgar CentreBelfield Road
Rochdale
OL16 2UX
GBR",390.0,6.0,71.64285714285714
826,Hoddesdon Distribution Ltd,"Booth Drive Parkfarm Ind. Estate    Wellingborough  Northants
Wellingborough
NN8 6GR
GBR",110.0,2.0,106.28571428571429
827,Hoddesdon Distribution Ltd,"Davy Close Park Farm Ind Est
Wellingborough
NN8 6XX
GBR",330.0,21.0,310.0
828,Hoddesdon Distribution Ltd,"Hilbert House
New Street

Manchester
M40 8AW
GBR",390.0,10.0,238.16428571428574
829,Hoddesdon Distribution Ltd,"Ivatt WayIvatt Business Park Westwood Industrial Estate
Peterborough
PE3 7PH
GBR",295.0,13.0,226.59285714285716
830,Hoddesdon Distribution Ltd,"Main Warehouse Bays 10 to 13 Gousto C O Bowmans Chilled Stores Camel Gate
Spalding
PE12 6HA
GBR",410.0,18.0,372.42857142857144
831,Hoddesdon Distribution Ltd,"Maxted Road Hemel Hempstead Ind Estate
Hemel Hempstead
HP2 7DX
GBR",170.0,2.0,43.0
832,Shakespeare Transport Ltd,"Ibco Building Hulme Hall laneLord North Street
Manchester
M40 8AD
GBR",120.15,3.0,43.878571428571426
833,Shakespeare Transport Ltd,"Resturant Wholesale London Works Ripple Road
London
IG11 0SY
GBR",144.9,3.0,95.27142857142857
834,Lenham Storage Co Ltd,"401 Edinburgh Road Newhouse  Motherwell  North Lanarkshire
Motherwell
ML1 5GH
GBR",453.41,7.0,444.8457142857143
835,Lenham Storage Co Ltd,"Andover Business Park Pioneer Road
Andover
SP11 8EZ
GBR",124.75,5.0,140.10285714285715
836,Lenham Storage Co Ltd,"Popular Way West Cabot park Avonmouth  Bristol
Bristol
BS11 0YW
GBR",196.26,5.0,186.29571428571427
837,Lenham Storage Co Ltd,"Unit 2D Central Boulevard Prologis Park    Coventry
Coventry
CV6 4BX
GBR",135.1,10.0,218.94285714285715
838,Hoddesdon Distribution Ltd,"7 Distribution Center 7500 Skyline Drive
Warrington
WA5 3TP
GBR",470.0,42.0,462.2857142857143
839,Hoddesdon Distribution Ltd,"Altendiez Way
Burton Latimer
NN15 5YT
GBR",320.0,26.0,318.2857142857143
840,Hoddesdon Distribution Ltd,"c/o DHL Foxhills Ind Est
Scunthorpe
DN159YA
GBR",360.0,7.0,313.57142857142856
841,Hoddesdon Distribution Ltd,"Crossways Business Park Galleon Boulevard
Dartford
DA2 6QL
GBR",19.0,2.0,16.571428571428573
842,Hoddesdon Distribution Ltd,"Crossways Business Park Galleon Boulevard
Dartford
DA2 6QL
GBR",206.0,23.0,174.71428571428572
843,Hoddesdon Distribution Ltd,"Earlsgate Park Earls Road   Grangemouth  Stirlingshire
Stirlingshire
FK3 8UZ
GBR",938.0,18.0,856.7142857142857
844,Hoddesdon Distribution Ltd,"Elmshall Drive Dale Lane Industrial Estate
Pontefract
WF9 2RH
GBR",125.0,2.0,48.714285714285715
845,Hoddesdon Distribution Ltd,"Foxbridge Way Off Pontefract Road Normanton
Wakefield
WF6 1TN
GBR",430.0,22.0,401.7142857142857
846,Hoddesdon Distribution Ltd,"K ing St Rudheath (A556/A533)
Northwich
CW9 7WA
GBR",356.0,19.0,415.0
847,Hoddesdon Distribution Ltd,"K ing St Rudheath (A556/A533)
Northwich
CW9 7WA
GBR",450.0,26.0,419.14285714285717
848,Hoddesdon Distribution Ltd,"Kings Road
Bridgwater
TA6 4FG
GBR",475.0,26.0,454.85714285714283
849,Hoddesdon Distribution Ltd,"Magna Park A5 Watling Street
Lutterworth
LE17 4QU
GBR",16.0,1.0,15.0
850,Hoddesdon Distribution Ltd,"Magna Park A5 Watling Street
Lutterworth
LE17 4QU
GBR",30.0,2.0,18.571428571428573
851,Hoddesdon Distribution Ltd,"Magna Park A5 Watling Street
Lutterworth
LE17 4QU
GBR",289.0,20.0,290.0
852,Hoddesdon Distribution Ltd,"Magna Park A5 Watling Street
Lutterworth
LE17 4QU
GBR",335.0,25.0,308.85714285714283
853,Hoddesdon Distribution Ltd,"Newhouse Farm Ind Est
Chepstow
NP6 6UD
GBR",445.0,21.0,398.14285714285717
854,Hoddesdon Distribution Ltd,"Unit 1553 Lewisher Road
Leicester
LE4 9LR
GBR",250.0,6.0,239.57142857142858
855,Hoddesdon Distribution Ltd,"Wag Hardwick Grange
Willston
WA1 4RJ
GBR",370.0,5.0,371.42857142857144
856,Hoddesdon Distribution Ltd,"Wakefield 41 Ind Est
Wakefield
WF2 0XF
GBR",287.0,15.0,379.14285714285717
857,Hoddesdon Distribution Ltd,"Wakefield 41 Ind Est
Wakefield
WF2 0XF
GBR",440.0,26.0,435.14285714285717
858,Shakespeare Transport Ltd,"84 Toryglen Street
Glasgow
G5 0BH
GBR",333.3,6.0,219.8642857142857
859,Lenham Storage Co Ltd,"Oliver Road
West Thurrock
RM20 3EN
GBR",109.15,5.0,119.47285714285715
860,Lenham Storage Co Ltd,"Rutherford Drive Park Farm
South Wellingborough
NN8 6AQ
GBR",199.99,6.0,191.65142857142857
861,Roche freight Ireland Ltd,"Killamonan Road The Ward Co.Dublin
Co dublin
DublinDublin
IRL",305.24,2.02,322.9171428571429
862,Salvatori Medway Ltd,"Unit 8198 Camford Way
Luton
LU33AN
GBR",123.0,3.0,121.71428571428571
863,Hoddesdon Distribution Ltd,"75 Doncaster Road
Wakefield
WF1 5DX
GBR",225.0,4.0,57.857142857142854
864,Hoddesdon Distribution Ltd,"Altendiez Way
Burton Latimer
NN15 5YT
GBR",320.0,20.0,299.42857142857144
865,Hoddesdon Distribution Ltd,"Booth Drive Parkfarm Ind. Estate    Wellingborough  Northants
Wellingborough
NN8 6GR
GBR",205.0,5.0,114.28571428571429
866,Hoddesdon Distribution Ltd,"Cob Drive Swan Valley
Northampton
NN4 9BB
GBR",49.0,4.0,189.85714285714286
867,Hoddesdon Distribution Ltd,"Cob Drive Swan Valley
Northampton
NN4 9BB
GBR",271.0,22.0,317.7142857142857
868,Hoddesdon Distribution Ltd,"Cob Drive Swan Valley
Northampton
NN4 9BB
GBR",320.0,20.0,317.7142857142857
869,Hoddesdon Distribution Ltd,"Hailey Rd. Business Park
Erith
DA18 4AR
GBR",215.0,14.0,208.71428571428572
870,Hoddesdon Distribution Ltd,"Kings Road
Bridgwater
TA6 4FG
GBR",400.0,3.0,416.2857142857143
871,Hoddesdon Distribution Ltd,"Livingstone Road
Andover
SP10 5LA
GBR",330.0,6.0,93.0
872,Hoddesdon Distribution Ltd,"Melford Road Righead Industrial Estate
Bellshill
ML4  3QD
GBR",932.0,16.0,872.5714285714286
873,Hoddesdon Distribution Ltd,"Milton Park Milton
Abingdon
OX14 4TF
GBR",14.0,1.0,40.42857142857143
874,Hoddesdon Distribution Ltd,"Milton Park Milton
Abingdon
OX14 4TF
GBR",41.0,3.0,33.142857142857146
875,Hoddesdon Distribution Ltd,"Milton Park Milton
Abingdon
OX14 4TF
GBR",275.0,20.0,274.42857142857144
876,Hoddesdon Distribution Ltd,"Wakefield 41 Ind Est
Wakefield
WF2 0XF
GBR",440.0,26.0,435.14285714285717
877,Hoddesdon Distribution Ltd,"Welcome HouseGlover Street
Digbeth
B9 4EP
GBR",250.0,9.0,61.42857142857143
878,Shakespeare Transport Ltd,"Brown Street Globe Works
Accrington
BB5 0RH
GBR",120.15,3.0,52.18571428571429
879,Shakespeare Transport Ltd,"Unit 2
Bedford Works
Lower Bedford Street

Stoke on Trent
ST4 7AF
GBR",120.15,3.0,37.73571428571428
880,Salvatori Medway Ltd,"Do not use staples in PW Langley Park Chalk Lane
Sutton Bridge
PE12 9YF
GBR",525.0,24.0,400.7142857142857
881,Hoddesdon Distribution Ltd,"7 Solar Way Innova Park
Enfield
EN3 7XY
GBR",135.0,3.0,39.57142857142857
882,Hoddesdon Distribution Ltd,"1-3 Stadium ClosePenarth Road
Cardiff, Wales
CF11 8TS
GBR",470.0,26.0,346.14285714285717
883,Hoddesdon Distribution Ltd,"14a Missouri Avenue

Manchester
M50 2NP
GBR",330.0,7.0,74.71428571428571
884,Hoddesdon Distribution Ltd,"2 Mandarin Way Pattison Ind. Estate District 15
Washington
NE38 8QA
GBR",39.0,1.0,114.28571428571429
885,Hoddesdon Distribution Ltd,"2 Mandarin Way Pattison Ind. Estate District 15
Washington
NE38 8QA
GBR",527.0,16.0,554.5714285714286
886,Hoddesdon Distribution Ltd,"44 Watts Grove
Bow
E3 3RE
GBR",240.0,14.0,214.71428571428572
887,Hoddesdon Distribution Ltd,"5 Solar Way Innova Park
Enfield
EN3 7XY
GBR",200.0,8.0,191.42857142857142
888,Hoddesdon Distribution Ltd,"59 Gresham Road
Middlesborough
TS1 4LT
GBR",380.0,4.0,83.42857142857143
889,Hoddesdon Distribution Ltd,"7 Distribution Center 7500 Skyline Drive
Warrington
WA5 3TP
GBR",21.0,1.0,19.857142857142858
890,Hoddesdon Distribution Ltd,"7 Distribution Center 7500 Skyline Drive
Warrington
WA5 3TP
GBR",428.0,21.0,412.0
891,Hoddesdon Distribution Ltd,"733 Alum Rock Road
Satley
B8 2NY
GBR",162.0,3.07,46.30714285714286
892,Hoddesdon Distribution Ltd,"Altendiez Way
Burton Latimer
NN15 5YT
GBR",234.0,26.0,318.2857142857143
893,Hoddesdon Distribution Ltd,"Altendiez Way
Burton Latimer
NN15 5YT
GBR",320.0,19.0,293.2857142857143
894,Hoddesdon Distribution Ltd,"c/o DHL Foxhills Ind Est
Scunthorpe
DN159YA
GBR",450.0,17.0,402.85714285714283
895,Hoddesdon Distribution Ltd,"Cobden House, 
Cobden Street

Leicester
LE1 2LB
GBR",162.0,4.0,50.42857142857143
896,Hoddesdon Distribution Ltd,"Crossways Business Park Galleon Boulevard
Dartford
DA2 6QL
GBR",213.0,21.0,173.42857142857142
897,Hoddesdon Distribution Ltd,"Do not use staples in PW Laburnum Farm Old Leake 
Boston
PE22 9PN
GBR",116.0,2.0,192.28571428571428
898,Hoddesdon Distribution Ltd,"Do not use staples in PW Laburnum Farm Old Leake 
Boston
PE22 9PN
GBR",174.0,3.0,192.28571428571428
899,Hoddesdon Distribution Ltd,"Earlsgate Park Earls Road   Grangemouth  Stirlingshire
Stirlingshire
FK3 8UZ
GBR",990.0,24.0,915.2857142857143
900,Hoddesdon Distribution Ltd,"Foxbridge Way Off Pontefract Road Normanton
Wakefield
WF6 1TN
GBR",430.0,21.0,398.42857142857144
901,Hoddesdon Distribution Ltd,"Furnham Rd
Chard
TA20 1AA
GBR",265.0,4.0,283.57142857142856
902,Hoddesdon Distribution Ltd,"Halfords Park Halfords Lane
Smethwick
B66 1EL
GBR",148.0,3.0,66.14285714285714
903,Hoddesdon Distribution Ltd,"K ing St Rudheath (A556/A533)
Northwich
CW9 7WA
GBR",190.0,4.0,334.57142857142856
904,Hoddesdon Distribution Ltd,"K ing St Rudheath (A556/A533)
Northwich
CW9 7WA
GBR",450.0,26.0,419.14285714285717
905,Hoddesdon Distribution Ltd,"Kent Street
Preston
PR1 1PT
GBR",265.0,5.0,81.85714285714286
906,Hoddesdon Distribution Ltd,"Kings Road
Bridgwater
TA6 4FG
GBR",437.0,23.0,454.85714285714283
907,Hoddesdon Distribution Ltd,"Magna Park A5 Watling Street
Lutterworth
LE17 4QU
GBR",17.0,2.0,18.571428571428573
908,Hoddesdon Distribution Ltd,"Magna Park A5 Watling Street
Lutterworth
LE17 4QU
GBR",66.0,4.0,30.0
909,Hoddesdon Distribution Ltd,"Milton Park Milton
Abingdon
OX14 4TF
GBR",14.0,1.0,40.42857142857143
910,Hoddesdon Distribution Ltd,"Milton Park Milton
Abingdon
OX14 4TF
GBR",55.0,4.0,36.42857142857143
911,Hoddesdon Distribution Ltd,"Milton Park Milton
Abingdon
OX14 4TF
GBR",261.0,20.0,274.42857142857144
912,Hoddesdon Distribution Ltd,"Newhouse Farm Ind Est
Chepstow
NP6 6UD
GBR",21.0,2.0,27.428571428571427
913,Hoddesdon Distribution Ltd,"Newhouse Farm Ind Est
Chepstow
NP6 6UD
GBR",403.0,21.0,398.14285714285717
914,Hoddesdon Distribution Ltd,"Penzance Drive Churchward Park
Swindon
SN5 7JF
GBR",295.0,5.0,295.0
915,Hoddesdon Distribution Ltd,"Regional Distribution center 7502 Norman Road Belvedere
Bexley
DA17 6JY
GBR",225.0,18.0,249.0
916,Hoddesdon Distribution Ltd,"Rockingham Way Redhouse Interchange
Doncaster
DN6 7FB
GBR",68.0,4.0,78.0
917,Hoddesdon Distribution Ltd,"Rockingham Way Redhouse Interchange
Doncaster
DN6 7FB
GBR",170.0,10.0,202.57142857142858
918,Hoddesdon Distribution Ltd,"Rockingham Way Redhouse Interchange
Doncaster
DN6 7FB
GBR",187.0,11.0,210.71428571428572
919,Hoddesdon Distribution Ltd,"Unit 7A Odhams Trad EstSt Albans Road
Watford
WD24 7RY
GBR",137.0,3.0,57.0
920,Hoddesdon Distribution Ltd,"Wakefield 41 Ind Est
Wakefield
WF2 0XF
GBR",312.0,17.0,349.85714285714283
921,Hoddesdon Distribution Ltd,"Wakefield 41 Ind Est
Wakefield
WF2 0XF
GBR",440.0,26.0,435.14285714285717
922,Shakespeare Transport Ltd,"Ahmed HouseBelle Vue Avenue
Longsight , Manchester
M12 4AS
GBR",120.15,2.97,87.75714285714285
923,Barron Wood Distribution Ltd,"10 Avenue Marcelin Berthelot
F-92390Villeneuve la Garenne
FRA",455.0,24.0,390.57142857142856
924,Lenham Storage Co Ltd,"Unit 2D Central Boulevard Prologis Park    Coventry
Coventry
CV6 4BX
GBR",346.01,21.0,408.5485714285714
925,Hoddesdon Distribution Ltd,"Davy Close Park Farm Ind Est
Wellingborough
NN8 6XX
GBR",330.0,23.0,310.0
926,Hoddesdon Distribution Ltd,"Greencore Prepared Foods Hownsgill Park Consett Co. Durham
Co Durahm
DH8 7NU
GBR",540.0,10.0,540.0
927,Hoddesdon Distribution Ltd,"Melford Road Righead Industrial Estate
Bellshill
ML4  3QD
GBR",808.0,10.0,818.4285714285714
928,Hoddesdon Distribution Ltd,"Melford Road Righead Industrial Estate
Bellshill
ML4  3QD
GBR",990.0,26.0,899.5714285714286
929,Hoddesdon Distribution Ltd,"Unit8 Anchor Business Park Featherstall Road North
Oldham
OL9 6AZ
GBR",165.0,0.46,186.85714285714286
930,Hoddesdon Distribution Ltd,"Unit8 Anchor Business Park Featherstall Road North
Oldham
OL9 6AZ
GBR",330.0,2.5,190.14285714285714
931,Shakespeare Transport Ltd,"201 Glasgow Rd Rutherglen
Glasgow
G73 1SU
GBR",333.3,7.0,60.31428571428571
932,Shakespeare Transport Ltd,"Caresgate Road South
Inverness
IV3 8LL
GBR",322.4,4.0,150.65714285714284
933,Lenham Storage Co Ltd,"1 Angel Square
Manchester
M60 OAG
GBR",371.05,5.0,210.10142857142858
934,Lenham Storage Co Ltd,"Oliver Road
West Thurrock
RM20 3EN
GBR",109.15,5.0,119.47285714285715
935,Lenham Storage Co Ltd,"Unit B Farmwell Lane Castlewood Business Park South Normanton
Alferton
NG17 1JF
GBR",246.08,6.0,245.2871428571429
936,Lenham Storage Co Ltd,"Wincanton Elton Head oad
St Helens
WA9 5AX
GBR",234.49,5.0,219.93857142857146
937,Salvatori Medway Ltd,"Trading as Quality Foods 49-61 South Road
Southall
UB1 1SQ
GBR",87.0,3.0,135.98571428571427
938,Hoddesdon Distribution Ltd,"Atlas Wharf Berkshire Road
London
E9 5NB
GBR",265.0,26.0,290.0
939,Hoddesdon Distribution Ltd,"Davy Close Park Farm Ind Est
Wellingborough
NN8 6XX
GBR",145.0,3.0,277.85714285714283
940,Hoddesdon Distribution Ltd,"Do not use staples in PW Langley Park Chalk Lane
Sutton Bridge
PE12 9YF
GBR",380.0,24.0,363.57142857142856
941,Hoddesdon Distribution Ltd,"Main Warehouse Bays 10 to 13 Gousto C O Bowmans Chilled Stores Camel Gate
Spalding
PE12 6HA
GBR",380.0,14.0,359.42857142857144
942,Hoddesdon Distribution Ltd,"Unit 12- 13 Valley Road Business ParkValley Road
Keighley
BD21 4LZ
GBR",420.0,6.0,100.16428571428571
943,Hoddesdon Distribution Ltd,"UNIT 24 WHOLESALE FRUIT CENTRE 
CARDIFF, Wales
CF11 8BB
GBR",360.0,4.0,108.82857142857142
944,Hoddesdon Distribution Ltd,"Unit 910 River Road
Barking
IG11 ODG
GBR",195.0,5.0,84.0
945,Hoddesdon Distribution Ltd,"Wag Hardwick Grange
Willston
WA1 4RJ
GBR",380.0,6.0,371.42857142857144
946,Roche freight Ireland Ltd,"Killamonan Road The Ward Co.Dublin
Co dublin
DublinDublin
IRL",406.98,2.43,322.9171428571429
947,Hoddesdon Distribution Ltd,"1 Uxbridge Road Hayes
hayes
UB4 0JU
GBR",170.0,5.0,130.43571428571428
948,Hoddesdon Distribution Ltd,"237 -239 South Road 
Birmingham
B18 5JS
GBR",250.0,9.0,139.71428571428572
949,Hoddesdon Distribution Ltd,"5 Solar Way Innova Park
Enfield
EN3 7XY
GBR",200.0,6.0,188.57142857142858
950,Hoddesdon Distribution Ltd,"7 Distribution Center 7500 Skyline Drive
Warrington
WA5 3TP
GBR",24.0,1.0,19.857142857142858
951,Hoddesdon Distribution Ltd,"7 Distribution Center 7500 Skyline Drive
Warrington
WA5 3TP
GBR",396.0,16.0,444.85714285714283
952,Hoddesdon Distribution Ltd,"Altendiez Way
Burton Latimer
NN15 5YT
GBR",320.0,20.0,299.42857142857144
953,Hoddesdon Distribution Ltd,"Cameron Wood  Nettlehill Rd Houston Industrial Estate
LIVINGSTON
EH54 5DL
GBR",600.0,5.0,356.85714285714283
954,Hoddesdon Distribution Ltd,"Crossways Business Park Galleon Boulevard
Dartford
DA2 6QL
GBR",9.0,1.0,60.57142857142857
955,Hoddesdon Distribution Ltd,"Crossways Business Park Galleon Boulevard
Dartford
DA2 6QL
GBR",17.0,2.0,16.571428571428573
956,Hoddesdon Distribution Ltd,"Crossways Business Park Galleon Boulevard
Dartford
DA2 6QL
GBR",208.0,24.0,207.42857142857142
957,Hoddesdon Distribution Ltd,"Crossways Business Park Galleon Boulevard
Dartford
DA2 6QL
GBR",216.0,25.0,212.42857142857142
958,Hoddesdon Distribution Ltd,"Deeside Industrial Park
Deeside, Flintshire
CH5 2NW
GBR",370.0,5.0,130.57142857142858
959,Hoddesdon Distribution Ltd,"Earlsgate Park Earls Road   Grangemouth  Stirlingshire
Stirlingshire
FK3 8UZ
GBR",55.0,1.0,43.57142857142857
960,Hoddesdon Distribution Ltd,"Earlsgate Park Earls Road   Grangemouth  Stirlingshire
Stirlingshire
FK3 8UZ
GBR",880.0,16.0,841.8571428571429
961,Hoddesdon Distribution Ltd,"Foxbridge Way Off Pontefract Road Normanton
Wakefield
WF6 1TN
GBR",37.0,2.0,25.285714285714285
962,Hoddesdon Distribution Ltd,"Foxbridge Way Off Pontefract Road Normanton
Wakefield
WF6 1TN
GBR",374.0,20.0,404.2857142857143
963,Hoddesdon Distribution Ltd,"Ivatt WayIvatt Business Park Westwood Industrial Estate
Peterborough
PE3 7PH
GBR",200.0,5.0,134.87857142857143
964,Hoddesdon Distribution Ltd,"K ing St Rudheath (A556/A533)
Northwich
CW9 7WA
GBR",380.0,6.0,334.57142857142856
965,Hoddesdon Distribution Ltd,"Kings Road
Bridgwater
TA6 4FG
GBR",415.0,5.0,409.2857142857143
966,Hoddesdon Distribution Ltd,"Magna Park A5 Watling Street
Lutterworth
LE17 4QU
GBR",14.0,2.0,18.571428571428573
967,Hoddesdon Distribution Ltd,"Magna Park A5 Watling Street
Lutterworth
LE17 4QU
GBR",293.0,21.0,282.7142857142857
968,Hoddesdon Distribution Ltd,"Melford Road Righead Industrial Estate
Bellshill
ML4  3QD
GBR",300.0,3.0,721.0
969,Hoddesdon Distribution Ltd,"Milton Park Milton
Abingdon
OX14 4TF
GBR",15.0,1.0,40.42857142857143
970,Hoddesdon Distribution Ltd,"Milton Park Milton
Abingdon
OX14 4TF
GBR",45.0,3.0,33.142857142857146
971,Hoddesdon Distribution Ltd,"Milton Park Milton
Abingdon
OX14 4TF
GBR",270.0,18.0,260.14285714285717
972,Hoddesdon Distribution Ltd,"Penzance Drive Churchward Park
Swindon
SN5 7JF
GBR",295.0,5.0,295.0
973,Hoddesdon Distribution Ltd,"Quality Foods 34- 62 Staines Road Hounslow
Hounslow
TW3 3LZ
GBR",205.0,9.0,145.71428571428572
974,Hoddesdon Distribution Ltd,"Unit 5 A3 Approach Rima House Ripple Road 
Barking
IG11 0RH
GBR",260.0,26.0,292.0
975,Hoddesdon Distribution Ltd,"Unit 6-8 Priestley WayForest Trading Estate
Walthamstow
E17 6AL
GBR",205.0,6.0,57.142857142857146
976,Hoddesdon Distribution Ltd,"VIA LEA BRIDGE RD & ARGALL WAY
LEYTON
E10 7AS
GBR",160.0,5.0,123.77142857142859
977,Hoddesdon Distribution Ltd,"Wakefield 41 Ind Est
Wakefield
WF2 0XF
GBR",250.0,4.0,292.85714285714283
978,Shakespeare Transport Ltd,"870 Stratford Road
Birmingham
B11 4BS
GBR",120.15,3.01,57.9
979,Shakespeare Transport Ltd,"Trading as Quality Foods 49-61 South Road
Southall
UB1 1SQ
GBR",148.05,3.0,135.9857142857143
980,Lenham Storage Co Ltd,"Popular Way West Cabot park Avonmouth  Bristol
Bristol
BS11 0YW
GBR",251.16,9.0,217.5842857142857
981,Lenham Storage Co Ltd,"Unit 2D Central Boulevard Prologis Park    Coventry
Coventry
CV6 4BX
GBR",270.2,14.0,322.5357142857143
982,Hoddesdon Distribution Ltd,"2 Princess Road  West Sussex
Crawley
RH11 7BJ
GBR",195.0,4.95,141.5
983,Hoddesdon Distribution Ltd,"298-300 Linthorpe Road
Middlesbrough
TS1 3QU
GBR",380.0,4.0,29.571428571428573
984,Hoddesdon Distribution Ltd,"Hailey Rd. Business Park
Erith
DA18 4AR
GBR",215.0,13.0,208.71428571428572
985,Hoddesdon Distribution Ltd,"Magna Park A5 Watling Street
Lutterworth
LE17 4QU
GBR",16.0,1.0,15.0
986,Hoddesdon Distribution Ltd,"Magna Park A5 Watling Street
Lutterworth
LE17 4QU
GBR",287.0,18.0,285.7142857142857
987,Hoddesdon Distribution Ltd,"Manchester Superstore 
Florence St
Bradford
BD3 8EX
GBR",165.0,3.0,44.0
988,Hoddesdon Distribution Ltd,"T/A IqbroUnit 3 C Button End Industrial Estate Button End
Harston
CB22 7GX
GBR",170.0,4.0,129.28571428571428
989,Shakespeare Transport Ltd,"Greenbank Business Park Blakewater Road
Blackburn
BB1 3HU
GBR",120.15,3.0,65.63571428571429
990,Shakespeare Transport Ltd,"Unit 1A Norton Park Russie Place
Edinburgh
EH7 5RS
GBR",166.65,3.0,63.614285714285714
991,Barron Wood Distribution Ltd,"10 Avenue Marcelin Berthelot
F-92390Villeneuve la Garenne
FRA",455.0,24.0,390.57142857142856
992,Salvatori Medway Ltd,"UNIT 5 RIVERSIDE Way
WAYUXBRIDGE
UB8 2YF
GBR",112.5,3.0,110.21428571428571
993,Salvatori Medway Ltd,"Rockingham Way Redhouse Interchange
Doncaster
DN6 7FB
GBR",186.0,4.0,78.0
994,Hoddesdon Distribution Ltd,"2 Mandarin Way Pattison Ind. Estate District 15
Washington
NE38 8QA
GBR",576.0,18.0,562.4285714285714
995,Hoddesdon Distribution Ltd,"7 Distribution Center 7500 Skyline Drive
Warrington
WA5 3TP
GBR",470.0,20.0,419.42857142857144
996,Hoddesdon Distribution Ltd,"Altendiez Way
Burton Latimer
NN15 5YT
GBR",320.0,23.0,300.42857142857144
997,Hoddesdon Distribution Ltd,"Ash Road South Wrexham Ind Estate
Wrexham, Wales
LL13 9UG
GBR",175.0,8.0,389.2857142857143
998,Hoddesdon Distribution Ltd,"Ash Road South Wrexham Ind Estate
Wrexham, Wales
LL13 9UG
GBR",285.0,13.0,423.57142857142856
999,Hoddesdon Distribution Ltd,"c/o DHL Foxhills Ind Est
Scunthorpe
DN159YA
GBR",450.0,18.0,402.85714285714283
1000,Hoddesdon Distribution Ltd,"Cob Drive Swan Valley
Northampton
NN4 9BB
GBR",200.0,3.0,177.0
1001,Hoddesdon Distribution Ltd,"Crossways Business Park Galleon Boulevard
Dartford
DA2 6QL
GBR",225.0,26.0,214.85714285714286
1002,Hoddesdon Distribution Ltd,"Do not use staples in PW Langley Park Chalk Lane
Sutton Bridge
PE12 9YF
GBR",360.0,15.0,417.14285714285717
1003,Hoddesdon Distribution Ltd,"Earlsgate Park Earls Road   Grangemouth  Stirlingshire
Stirlingshire
FK3 8UZ
GBR",949.0,23.0,915.2857142857143
1004,Hoddesdon Distribution Ltd,"Foxbridge Way Off Pontefract Road Normanton
Wakefield
WF6 1TN
GBR",410.0,20.0,404.2857142857143
1005,Hoddesdon Distribution Ltd,"Greencore Prepared Foods Hownsgill Park Consett Co. Durham
Co Durahm
DH8 7NU
GBR",540.0,10.0,540.0
1006,Hoddesdon Distribution Ltd,"Halfords Park Halfords Lane
Smethwick
B66 1EL
GBR",148.0,3.0,66.14285714285714
1007,Hoddesdon Distribution Ltd,"Hilbert House
New Street

Manchester
M40 8AW
GBR",330.0,6.0,215.87857142857143
1008,Hoddesdon Distribution Ltd,"K ing St Rudheath (A556/A533)
Northwich
CW9 7WA
GBR",409.0,20.0,415.0
1009,Hoddesdon Distribution Ltd,"Kings Road
Bridgwater
TA6 4FG
GBR",399.0,12.0,426.2857142857143
1010,Hoddesdon Distribution Ltd,"Main Warehouse Bays 10 to 13 Gousto C O Bowmans Chilled Stores Camel Gate
Spalding
PE12 6HA
GBR",360.0,12.0,359.42857142857144
1011,Hoddesdon Distribution Ltd,"Milton Park Milton
Abingdon
OX14 4TF
GBR",15.0,1.0,40.42857142857143
1012,Hoddesdon Distribution Ltd,"Milton Park Milton
Abingdon
OX14 4TF
GBR",315.0,21.0,272.85714285714283
1013,Hoddesdon Distribution Ltd,"Newhouse Farm Ind Est
Chepstow
NP6 6UD
GBR",34.0,2.0,27.428571428571427
1014,Hoddesdon Distribution Ltd,"Newhouse Farm Ind Est
Chepstow
NP6 6UD
GBR",411.0,24.0,403.7142857142857
1015,Hoddesdon Distribution Ltd,"Off Silverdale Road Pump Lane
Hayes
UB3 3BL
GBR",145.0,3.0,128.28571428571428
1016,Hoddesdon Distribution Ltd,"Wakefield 41 Ind Est
Wakefield
WF2 0XF
GBR",411.0,14.0,386.57142857142856
1017,Shakespeare Transport Ltd,"125 River Road
Barking
IG11 0EG
GBR",96.6,2.0,40.31428571428571
1018,Shakespeare Transport Ltd,"201 Glasgow Rd Rutherglen
Glasgow
G73 1SU
GBR",222.2,3.8,58.457142857142856
1019,Shakespeare Transport Ltd,"282 Farnham Road
Slough
SL1 4XL
GBR",86.3,2.18,27.185714285714287
1020,Shakespeare Transport Ltd,"675A Mitcham Road
Croydon
CR0 3AF
GBR",144.9,3.0,34.08571428571428
1021,Shakespeare Transport Ltd,"Dhamecha C & C 2 Fordmil Road Catford
Lewisham
SE6 3JH
GBR",115.8,2.0,35.25714285714286
1022,Shakespeare Transport Ltd,"Dhamecha C & C 243 Blyth Road
Hayes
UB3 1RY
GBR",98.7,2.0,32.81428571428571
1023,Shakespeare Transport Ltd,"Dhamecha Cash & Carry 101 Cobden Street
Leicester
LE1 2LB
GBR",80.1,2.0,35.885714285714286
1024,Shakespeare Transport Ltd,"Imperial Way
Watford
WD24 4UA
GBR",45.2,1.0,23.62857142857143
1025,Shakespeare Transport Ltd,"Steel Bright Road Off Rabone Lane Smethwick
Birmingham
B66 2NW
GBR",80.1,2.0,26.3
1026,Shakespeare Transport Ltd,"Wembley Stadium Industrial Estate First Way
Wembley
HA9 0TU
GBR",166.65,3.0,44.80714285714286
1027,Lenham Storage Co Ltd,"Andover Business Park Pioneer Road
Andover
SP11 8EZ
GBR",174.65,6.0,132.38285714285715
1028,Hoddesdon Distribution Ltd,"7 Solar WayInova Park
Enfield
EN3 7XY
GBR",135.0,3.0,109.09285714285714
1029,Hoddesdon Distribution Ltd,"A Division of Samworth Brothers Limited- Oak Spinney Park Ratby Lane Forest East
Leicester
LE3 3JZ
GBR",210.0,2.0,100.14285714285714
1030,Hoddesdon Distribution Ltd,"Greencore Food to go Spalding Wardentree Lane Pinchbeck
Spalding
PE11 3UY
GBR",200.0,2.0,69.85714285714286
1031,Hoddesdon Distribution Ltd,"Melford Road Righead Industrial Estate
Bellshill
ML4  3QD
GBR",849.0,7.0,843.5714285714286
1032,Hoddesdon Distribution Ltd,"Newhouse Farm Ind Est
Chepstow
NP6 6UD
GBR",445.0,26.0,423.14285714285717
1033,Hoddesdon Distribution Ltd,"Seafield Lane Beoley 
Worcestershire
Redditch 
B98 9DB
GBR",330.0,15.0,283.7142857142857
1034,Lenham Storage Co Ltd,"Drum Ind Est Chester-Le-Street
Durham
DH2 1AE
GBR",278.19,5.0,263.13571428571424
1035,Lenham Storage Co Ltd,"Murrayfield Road  Braunstone Frith Ind Estate   
Leicester
LE3 1UW
GBR",218.84,6.0,148.30714285714285
1036,Lenham Storage Co Ltd,"Rutherford Drive Park Farm
South Wellingborough
NN8 6AQ
GBR",242.97,9.0,191.65142857142857
1037,Lenham Storage Co Ltd,"Unit 2D Central Boulevard Prologis Park    Coventry
Coventry
CV6 4BX
GBR",216.16,20.0,401.61285714285714
1038,Hoddesdon Distribution Ltd,"32 Avis Way
New Haven
West Sussex
BN9 0DD
GBR",275.0,6.0,92.57142857142857
1039,Hoddesdon Distribution Ltd,"Altendiez Way
Burton Latimer
NN15 5YT
GBR",225.0,5.0,290.42857142857144
1040,Hoddesdon Distribution Ltd,"Cob Drive Swan Valley
Northampton
NN4 9BB
GBR",190.0,2.0,212.85714285714286
1041,Hoddesdon Distribution Ltd,"Crossways Business Park Galleon Boulevard
Dartford
DA2 6QL
GBR",9.0,2.0,16.571428571428573
1042,Hoddesdon Distribution Ltd,"Crossways Business Park Galleon Boulevard
Dartford
DA2 6QL
GBR",207.0,24.0,207.42857142857142
1043,Hoddesdon Distribution Ltd,"Earlsgate Park Earls Road   Grangemouth  Stirlingshire
Stirlingshire
FK3 8UZ
GBR",52.0,1.0,43.57142857142857
1044,Hoddesdon Distribution Ltd,"Earlsgate Park Earls Road   Grangemouth  Stirlingshire
Stirlingshire
FK3 8UZ
GBR",886.0,17.0,841.8571428571429
1045,Hoddesdon Distribution Ltd,"K ing St Rudheath (A556/A533)
Northwich
CW9 7WA
GBR",360.0,9.0,352.85714285714283
1046,Hoddesdon Distribution Ltd,"Kings Road
Bridgwater
TA6 4FG
GBR",300.0,5.0,409.2857142857143
1047,Hoddesdon Distribution Ltd,"Magna Park A5 Watling Street
Lutterworth
LE17 4QU
GBR",13.0,2.0,18.571428571428573
1048,Hoddesdon Distribution Ltd,"Magna Park A5 Watling Street
Lutterworth
LE17 4QU
GBR",309.0,24.0,308.85714285714283
1049,Hoddesdon Distribution Ltd,"Melford Road Righead Industrial Estate
Bellshill
ML4  3QD
GBR",390.0,3.0,721.0
1050,Hoddesdon Distribution Ltd,"Rockingham Way Redhouse Interchange
Doncaster
DN6 7FB
GBR",78.0,4.0,78.0
1051,Hoddesdon Distribution Ltd,"Rockingham Way Redhouse Interchange
Doncaster
DN6 7FB
GBR",96.0,5.0,85.57142857142857
1052,Hoddesdon Distribution Ltd,"Rockingham Way Redhouse Interchange
Doncaster
DN6 7FB
GBR",155.0,8.0,182.85714285714286
1053,Hoddesdon Distribution Ltd,"Wakefield 41 Ind Est
Wakefield
WF2 0XF
GBR",400.0,9.0,350.14285714285717
1054,Lenham Storage Co Ltd,"401 Edinburgh Road Newhouse  Motherwell  North Lanarkshire
Motherwell
ML1 5GH
GBR",477.85,8.0,444.84571428571434
1055,Lenham Storage Co Ltd,"Wincanton Elton Head oad
St Helens
WA9 5AX
GBR",286.12,7.0,262.8014285714285
1056,Hoddesdon Distribution Ltd,"169 Ettingshall Road
Wolverhampton
WV2 2RB
GBR",315.0,13.0,311.42857142857144
1057,Hoddesdon Distribution Ltd,"5 Solar Way Innova Park
Enfield
EN3 7XY
GBR",180.0,5.0,180.0
1058,Hoddesdon Distribution Ltd,"Dolphin Way Purfleet
Purfleet
RM19 1NZ
GBR",125.0,4.0,78.7
1059,Hoddesdon Distribution Ltd,"Hailey Rd. Business Park
Erith
DA18 4AR
GBR",205.0,11.0,174.28571428571428
1060,Hoddesdon Distribution Ltd,"South bridge way The Green
Southall
UB2 4AX
GBR",52.0,3.0,152.28571428571428
1061,Hoddesdon Distribution Ltd,"South bridge way The Green
Southall
UB2 4AX
GBR",158.0,11.0,152.28571428571428
1062,Hoddesdon Distribution Ltd,"Unit 1a & 1b Cambrian Business Park Derby Street 
Bolton
BL3 6JF
GBR",425.0,10.0,169.28571428571428
1063,Hoddesdon Distribution Ltd,"Wakefield 41 Ind Est
Wakefield
WF2 0XF
GBR",220.0,3.0,292.85714285714283
1064,Hoddesdon Distribution Ltd,"Windmill Lane
Southall
UB2 4NA
GBR",255.0,10.0,225.57142857142858
1065,Lenham Storage Co Ltd,"Oliver Road
West Thurrock
RM20 3EN
GBR",130.98,6.0,125.71
1066,Hoddesdon Distribution Ltd,"2 Mandarin Way Pattison Ind. Estate District 15
Washington
NE38 8QA
GBR",52.0,2.0,114.28571428571429
1067,Hoddesdon Distribution Ltd,"2 Mandarin Way Pattison Ind. Estate District 15
Washington
NE38 8QA
GBR",358.0,14.0,559.2857142857143
1068,Hoddesdon Distribution Ltd,"7 Distribution Center 7500 Skyline Drive
Warrington
WA5 3TP
GBR",18.0,1.0,19.857142857142858
1069,Hoddesdon Distribution Ltd,"7 Distribution Center 7500 Skyline Drive
Warrington
WA5 3TP
GBR",271.0,15.0,444.85714285714283
1070,Hoddesdon Distribution Ltd,"Altendiez Way
Burton Latimer
NN15 5YT
GBR",238.0,10.0,260.85714285714283
1071,Hoddesdon Distribution Ltd,"Ash Road South Wrexham Ind Estate
Wrexham, Wales
LL13 9UG
GBR",445.0,14.0,423.57142857142856
1072,Hoddesdon Distribution Ltd,"c/o DHL Foxhills Ind Est
Scunthorpe
DN159YA
GBR",385.0,12.0,390.0
1073,Hoddesdon Distribution Ltd,"Cob Drive Swan Valley
Northampton
NN4 9BB
GBR",310.0,2.0,212.85714285714286
1074,Hoddesdon Distribution Ltd,"Cob Drive Swan Valley
Northampton
NN4 9BB
GBR",620.0,11.0,314.0
1075,Hoddesdon Distribution Ltd,"Do not use staples in PW Langley Park Chalk Lane
Sutton Bridge
PE12 9YF
GBR",380.0,24.0,363.57142857142856
1076,Hoddesdon Distribution Ltd,"Earlsgate Park Earls Road   Grangemouth  Stirlingshire
Stirlingshire
FK3 8UZ
GBR",38.0,1.0,43.57142857142857
1077,Hoddesdon Distribution Ltd,"Earlsgate Park Earls Road   Grangemouth  Stirlingshire
Stirlingshire
FK3 8UZ
GBR",685.0,18.0,856.7142857142857
1078,Hoddesdon Distribution Ltd,"Foxbridge Way Off Pontefract Road Normanton
Wakefield
WF6 1TN
GBR",17.0,2.0,25.285714285714285
1079,Hoddesdon Distribution Ltd,"Foxbridge Way Off Pontefract Road Normanton
Wakefield
WF6 1TN
GBR",281.0,17.0,379.0
1080,Hoddesdon Distribution Ltd,"Greencore Prepared Foods Hownsgill Park Consett Co. Durham
Co Durahm
DH8 7NU
GBR",540.0,10.0,540.0
1081,Hoddesdon Distribution Ltd,"K ing St Rudheath (A556/A533)
Northwich
CW9 7WA
GBR",318.0,12.0,367.7857142857143
1082,Hoddesdon Distribution Ltd,"Kings Road
Bridgwater
TA6 4FG
GBR",393.0,11.0,426.2857142857143
1083,Hoddesdon Distribution Ltd,"Magna Park A5 Watling Street
Lutterworth
LE17 4QU
GBR",13.0,3.0,22.571428571428573
1084,Hoddesdon Distribution Ltd,"Magna Park A5 Watling Street
Lutterworth
LE17 4QU
GBR",206.0,16.0,285.7142857142857
1085,Hoddesdon Distribution Ltd,"Wakefield 41 Ind Est
Wakefield
WF2 0XF
GBR",300.0,17.0,349.85714285714283
1086,Lenham Storage Co Ltd,"401 Edinburgh Road Newhouse  Motherwell  North Lanarkshire
Motherwell
ML1 5GH
GBR",371.05,5.0,444.8457142857143
1087,Lenham Storage Co Ltd,"Andover Business Park Pioneer Road
Andover
SP11 8EZ
GBR",124.75,5.0,140.10285714285715
1088,Lenham Storage Co Ltd,"Unit B Farmwell Lane Castlewood Business Park South Normanton
Alferton
NG17 1JF
GBR",269.44,7.0,245.2871428571428
1089,Hoddesdon Distribution Ltd,"Furnham Rd
Chard
TA20 1AA
GBR",265.0,5.0,283.57142857142856
1090,Hoddesdon Distribution Ltd,"Melford Road Righead Industrial Estate
Bellshill
ML4  3QD
GBR",228.0,2.0,707.1428571428571
1091,Hoddesdon Distribution Ltd,"Milton Park Milton
Abingdon
OX14 4TF
GBR",12.0,1.0,40.42857142857143
1092,Hoddesdon Distribution Ltd,"Milton Park Milton
Abingdon
OX14 4TF
GBR",267.0,21.0,272.85714285714283
1093,Hoddesdon Distribution Ltd,"Newhouse Farm Ind Est
Chepstow
NP6 6UD
GBR",445.0,26.0,423.14285714285717
1094,Salvatori Medway Ltd,"Atlas Wharf Berkshire Road
London
E9 5NB
GBR",325.0,26.0,302.14285714285717
1095,Hoddesdon Distribution Ltd,"5 Solar Way Innova Park
Enfield
EN3 7XY
GBR",180.0,5.0,180.0
1096,Hoddesdon Distribution Ltd,"Amotherby Malton
Malton
YO17 6TQ
GBR",250.0,3.0,115.28571428571429
1097,Hoddesdon Distribution Ltd,"Cob Drive Swan Valley
Northampton
NN4 9BB
GBR",320.0,22.0,317.7142857142857
1098,Hoddesdon Distribution Ltd,"Main Warehouse Bays 10 to 13 Gousto C O Bowmans Chilled Stores Camel Gate
Spalding
PE12 6HA
GBR",410.0,24.0,374.14285714285717
1099,Lenham Storage Co Ltd,"Drum Ind Est Chester-Le-Street
Durham
DH2 1AE
GBR",310.56,6.0,263.1357142857143
1100,Lenham Storage Co Ltd,"Murrayfield Road  Braunstone Frith Ind Estate   
Leicester
LE3 1UW
GBR",126.51,3.0,104.1542857142857
1101,Lenham Storage Co Ltd,"Oliver Road
West Thurrock
RM20 3EN
GBR",130.98,6.0,125.71
1102,Lenham Storage Co Ltd,"Popular Way West Cabot park Avonmouth  Bristol
Bristol
BS11 0YW
GBR",196.26,5.0,186.29571428571427
1103,Lenham Storage Co Ltd,"Wincanton Elton Head oad
St Helens
WA9 5AX
GBR",234.49,5.0,219.93857142857146
1104,Roche freight Ireland Ltd,"Killamonan Road The Ward Co.Dublin
Co dublin
DublinDublin
IRL",314.25,3.04,397.56
1105,Hoddesdon Distribution Ltd,"7 Distribution Center 7500 Skyline Drive
Warrington
WA5 3TP
GBR",19.0,1.0,19.857142857142858
1106,Hoddesdon Distribution Ltd,"7 Distribution Center 7500 Skyline Drive
Warrington
WA5 3TP
GBR",451.0,24.0,436.2857142857143
1107,Hoddesdon Distribution Ltd,"7/9 Blackwater Way
Aldershot
GU12 4DG
GBR",200.0,4.0,69.0
1108,Hoddesdon Distribution Ltd,"Altendiez Way
Burton Latimer
NN15 5YT
GBR",277.0,22.0,300.42857142857144
1109,Hoddesdon Distribution Ltd,"Crossways Business Park Galleon Boulevard
Dartford
DA2 6QL
GBR",17.0,2.0,16.571428571428573
1110,Hoddesdon Distribution Ltd,"Crossways Business Park Galleon Boulevard
Dartford
DA2 6QL
GBR",208.0,24.0,207.42857142857142
1111,Hoddesdon Distribution Ltd,"Foxbridge Way Off Pontefract Road Normanton
Wakefield
WF6 1TN
GBR",19.0,1.0,25.285714285714285
1112,Hoddesdon Distribution Ltd,"Foxbridge Way Off Pontefract Road Normanton
Wakefield
WF6 1TN
GBR",411.0,22.0,401.7142857142857
1113,Hoddesdon Distribution Ltd,"Furnham Rd
Chard
TA20 1AA
GBR",265.0,1.0,283.57142857142856
1114,Hoddesdon Distribution Ltd,"K ing St Rudheath (A556/A533)
Northwich
CW9 7WA
GBR",352.0,8.0,352.85714285714283
1115,Hoddesdon Distribution Ltd,"Kings Road
Bridgwater
TA6 4FG
GBR",430.0,19.0,418.2857142857143
1116,Hoddesdon Distribution Ltd,"Penzance Drive Churchward Park
Swindon
SN5 7JF
GBR",295.0,5.0,295.0
1117,Hoddesdon Distribution Ltd,"T/A IqbroUnit 3 C Button End Industrial Estate Button End
Harston
CB22 7GX
GBR",170.0,4.0,129.28571428571428
1118,Hoddesdon Distribution Ltd,"Trading as Quality Foods 49-61 South Road
Southall
UB1 1SQ
GBR",168.0,5.0,135.9857142857143
1119,Hoddesdon Distribution Ltd,"Wakefield 41 Ind Est
Wakefield
WF2 0XF
GBR",380.0,19.0,364.2857142857143
1120,Lenham Storage Co Ltd,"401 Edinburgh Road Newhouse  Motherwell  North Lanarkshire
Motherwell
ML1 5GH
GBR",371.05,5.0,444.8457142857143
1121,Lenham Storage Co Ltd,"Waitrose National Dist Ctre Atkinson Way
Milton Keynes
MK17 8FF
GBR",25.84,1.0,123.34142857142857
1122,Salvatori Medway Ltd,"109-111 Lozells Road
West Midlands
B19 2TR
GBR",100.5,3.0,231.52142857142857
1123,Salvatori Medway Ltd,"173 Elswick Street Elswick
Newcastle Upon Tyne
NE4 6SR
GBR",115.5,3.0,109.64285714285714
1124,Salvatori Medway Ltd,"57 Kind Edwards Road
Barking
IG11 7TS
GBR",117.0,3.0,110.85714285714286
1125,Salvatori Medway Ltd,"Dolphin Way Purfleet
Purfleet
RM19 1NZ
GBR",38.0,1.0,143.84285714285713
1126,Salvatori Medway Ltd,"Mount Street  Off Bowling Back Lane
Bradford
BD4 8TA
GBR",109.5,3.0,106.5
1127,Hoddesdon Distribution Ltd,"1-3 Stadium ClosePenarth Road
Cardiff, Wales
CF11 8TS
GBR",370.0,5.0,145.42857142857142
1128,Hoddesdon Distribution Ltd,"2 Princess Road  West Sussex
Crawley
RH11 7BJ
GBR",140.0,3.0,134.78571428571428
1129,Hoddesdon Distribution Ltd,"44 Watts Grove
Bow
E3 3RE
GBR",240.0,14.0,214.71428571428572
1130,Hoddesdon Distribution Ltd,"5 Rima House, A13 Approach, Ripple Road, 					
					

Barking
IG11 0RH
GBR",260.0,26.0,293.14285714285717
1131,Hoddesdon Distribution Ltd,"Davy Close Park Farm Ind Est
Wellingborough
NN8 6XX
GBR",330.0,24.0,310.0
1132,Hoddesdon Distribution Ltd,"Do not use staples in PW Laburnum Farm Old Leake 
Boston
PE22 9PN
GBR",116.0,2.0,192.28571428571428
1133,Hoddesdon Distribution Ltd,"Do not use staples in PW Laburnum Farm Old Leake 
Boston
PE22 9PN
GBR",174.0,3.0,192.28571428571428
1134,Hoddesdon Distribution Ltd,"Greencore Prepared Foods Hownsgill Park Consett Co. Durham
Co Durahm
DH8 7NU
GBR",540.0,10.0,540.0
1135,Hoddesdon Distribution Ltd,"Hailey Rd. Business Park
Erith
DA18 4AR
GBR",215.0,15.0,208.71428571428572
1136,Hoddesdon Distribution Ltd,"Melford Road Righead Industrial Estate
Bellshill
ML4  3QD
GBR",693.0,5.0,653.1428571428571
1137,Hoddesdon Distribution Ltd,"Off Silverdale Road Pump Lane
Hayes
UB3 3BL
GBR",270.0,13.0,226.71428571428572
1138,Hoddesdon Distribution Ltd,"South bridge way The Green
Southall
UB2 4AX
GBR",168.0,5.0,152.28571428571428
1139,Hoddesdon Distribution Ltd,"T/A Al Amin Cash & Carry Unit 17 Page Road Sweetbriar Industrial Estate
Norwhich
NR3 2BX
GBR",255.0,5.0,64.28571428571429
1140,Hoddesdon Distribution Ltd,"UNIT 24
WHITESTONE BUSINESS PARK 

Middlesbrough
TS4 2ED
GBR",480.0,5.94,95.85714285714286
1141,Hoddesdon Distribution Ltd,"VIA LEA BRIDGE RD & ARGALL WAY
LEYTON
E10 7AS
GBR",129.0,3.0,121.4857142857143
1142,Lenham Storage Co Ltd,"Oliver Road
West Thurrock
RM20 3EN
GBR",163.73,5.0,119.47285714285715
1143,Lenham Storage Co Ltd,"Unit 2D Central Boulevard Prologis Park    Coventry
Coventry
CV6 4BX
GBR",760.48,24.0,442.3757142857143
1144,Salvatori Medway Ltd,"19 Mitre Road
Longsight, Manchester
M13 0NU
GBR",100.5,3.0,122.58571428571429
1145,Salvatori Medway Ltd,"237 -239 South Road 
Birmingham
B18 5JS
GBR",69.0,2.0,205.28571428571428
1146,Salvatori Medway Ltd,"40 Coldhurst Street
Oldham
OL1 2BQ
GBR",130.0,4.0,118.42857142857143
1147,Salvatori Medway Ltd,"Unit 15 Hallsford Bridge Ind. Est Stondon Road
Ongar
CM5 9RB
GBR",108.0,3.0,152.5142857142857
1148,Salvatori Medway Ltd,"Unit 2 Cliffe Commercial Park Longyoyd Bridge
Huddersfield
HD1 3JD
GBR",100.5,3.0,122.52142857142857
1149,Salvatori Medway Ltd,"Unit 2, Derby Shopping Centre

Bolton
BL3 5BP
GBR",100.5,3.0,117.28571428571429
1150,Hoddesdon Distribution Ltd,"169 Ettingshall Road
Wolverhampton
WV2 2RB
GBR",275.0,8.0,252.14285714285714
1151,Hoddesdon Distribution Ltd,"2 Mandarin Way Pattison Ind. Estate District 15
Washington
NE38 8QA
GBR",42.0,1.0,114.28571428571429
1152,Hoddesdon Distribution Ltd,"2 Mandarin Way Pattison Ind. Estate District 15
Washington
NE38 8QA
GBR",508.0,12.0,559.2857142857143
1153,Hoddesdon Distribution Ltd,"5 Solar Way Innova Park
Enfield
EN3 7XY
GBR",180.0,5.0,180.0
1154,Hoddesdon Distribution Ltd,"7 Distribution Center 7500 Skyline Drive
Warrington
WA5 3TP
GBR",470.0,18.0,448.85714285714283
1155,Hoddesdon Distribution Ltd,"Altendiez Way
Burton Latimer
NN15 5YT
GBR",303.0,18.0,293.2857142857143
1156,Hoddesdon Distribution Ltd,"Ash Road South Wrexham Industrial Estate  Clwyd  Wrexham
Wrexham, Wales
LL13 9UG
GBR",460.0,17.0,310.14285714285717
1157,Hoddesdon Distribution Ltd,"c/o DHL Foxhills Ind Est
Scunthorpe
DN159YA
GBR",165.0,3.0,313.57142857142856
1158,Hoddesdon Distribution Ltd,"Crossways Business Park Galleon Boulevard
Dartford
DA2 6QL
GBR",225.0,21.0,173.42857142857142
1159,Hoddesdon Distribution Ltd,"Do not use staples in PW Langley Park Chalk Lane
Sutton Bridge
PE12 9YF
GBR",380.0,24.0,363.57142857142856
1160,Hoddesdon Distribution Ltd,"Earlsgate Park Earls Road   Grangemouth  Stirlingshire
Stirlingshire
FK3 8UZ
GBR",62.0,1.0,43.57142857142857
1161,Hoddesdon Distribution Ltd,"Earlsgate Park Earls Road   Grangemouth  Stirlingshire
Stirlingshire
FK3 8UZ
GBR",928.0,15.0,841.8571428571429
1162,Hoddesdon Distribution Ltd,"Foxbridge Way Off Pontefract Road Normanton
Wakefield
WF6 1TN
GBR",420.0,15.0,379.0
1163,Hoddesdon Distribution Ltd,"K ing St Rudheath (A556/A533)
Northwich
CW9 7WA
GBR",422.0,15.0,365.35714285714283
1164,Hoddesdon Distribution Ltd,"Kings Road
Bridgwater
TA6 4FG
GBR",465.0,11.0,426.2857142857143
1165,Hoddesdon Distribution Ltd,"Magna Park A5 Watling Street
Lutterworth
LE17 4QU
GBR",19.0,1.0,15.0
1166,Hoddesdon Distribution Ltd,"Magna Park A5 Watling Street
Lutterworth
LE17 4QU
GBR",316.0,17.0,285.7142857142857
1167,Hoddesdon Distribution Ltd,"Melford Road Righead Industrial Estate
Bellshill
ML4  3QD
GBR",970.0,11.0,792.2857142857143
1168,Hoddesdon Distribution Ltd,"Milton Park Milton
Abingdon
OX14 4TF
GBR",17.0,2.0,21.285714285714285
1169,Hoddesdon Distribution Ltd,"Milton Park Milton
Abingdon
OX14 4TF
GBR",296.0,18.0,260.14285714285717
1170,Hoddesdon Distribution Ltd,"Newhouse Farm Ind Est
Chepstow
NP6 6UD
GBR",52.0,3.0,27.428571428571427
1171,Hoddesdon Distribution Ltd,"Newhouse Farm Ind Est
Chepstow
NP6 6UD
GBR",393.0,15.0,398.2857142857143
1172,Hoddesdon Distribution Ltd,"Quality Foods 34- 62 Staines Road Hounslow
Hounslow
TW3 3LZ
GBR",205.0,6.0,145.71428571428572
1173,Hoddesdon Distribution Ltd,"Rockingham Way Redhouse Interchange
Doncaster
DN6 7FB
GBR",83.0,3.0,65.71428571428571
1174,Hoddesdon Distribution Ltd,"Rockingham Way Redhouse Interchange
Doncaster
DN6 7FB
GBR",111.0,4.0,78.0
1175,Hoddesdon Distribution Ltd,"Rockingham Way Redhouse Interchange
Doncaster
DN6 7FB
GBR",221.0,8.0,182.85714285714286
1176,Hoddesdon Distribution Ltd,"South bridge way The Green
Southall
UB2 4AX
GBR",168.0,5.0,152.28571428571428
1177,Hoddesdon Distribution Ltd,"Unit 1a River Park Industrial Estate Billet Lane
Berkhamsted
HP4 1HL
GBR",160.0,4.0,51.42857142857143
1178,Hoddesdon Distribution Ltd,"Wakefield 41 Ind Est
Wakefield
WF2 0XF
GBR",416.0,17.29,363.14285714285717
1179,DHL Global Forwarding UK Ltd,"3 Avenue de Br?hat Villebon-sur-Yvette 
91140Essonne
FRA",750.0,4.0,229.42857142857142
1180,Hoddesdon Distribution Ltd,"16 Cornwall Road
Smethwick
Birmingham
Birmingham
B66 2JS
GBR",195.0,5.0,29.714285714285715
1181,Hoddesdon Distribution Ltd,"Davy Close Park Farm Ind Est
Wellingborough
NN8 6XX
GBR",330.0,18.0,304.2857142857143
1182,Lenham Storage Co Ltd,"Andover Business Park Pioneer Road
Andover
SP11 8EZ
GBR",124.75,5.0,140.10285714285715
1183,Lenham Storage Co Ltd,"Unit 2D Central Boulevard Prologis Park    Coventry
Coventry
CV6 4BX
GBR",243.18,9.0,196.9485714285714
1184,Salvatori Medway Ltd,"Sonali Supermarket Birmingham ltd Lozells Road
Birmingham
B192TN
GBR",100.5,3.0,147.42857142857142
1185,Hoddesdon Distribution Ltd,"1 Uxbridge Road Hayes
hayes
UB4 0JU
GBR",240.0,10.0,192.43571428571428
1186,Hoddesdon Distribution Ltd,"Crossways Business Park Galleon Boulevard
Dartford
DA2 6QL
GBR",9.0,2.0,16.571428571428573
1187,Hoddesdon Distribution Ltd,"Crossways Business Park Galleon Boulevard
Dartford
DA2 6QL
GBR",207.0,24.0,207.42857142857142
1188,Hoddesdon Distribution Ltd,"Windmill Lane
Southall
UB2 4NA
GBR",186.0,5.0,225.57142857142858
1189,Lenham Storage Co Ltd,"Drum Ind Est Chester-Le-Street
Durham
DH2 1AE
GBR",278.19,5.0,263.13571428571424
1190,Lenham Storage Co Ltd,"Popular Way West Cabot park Avonmouth  Bristol
Bristol
BS11 0YW
GBR",196.26,5.0,186.29571428571427
1191,Lenham Storage Co Ltd,"Rutherford Drive Park Farm
South Wellingborough
NN8 6AQ
GBR",229.4,8.0,191.65142857142857
1192,Lenham Storage Co Ltd,"Unit 2D Central Boulevard Prologis Park    Coventry
Coventry
CV6 4BX
GBR",81.06,3.0,184.11428571428573
1193,Lenham Storage Co Ltd,"Unit B Farmwell Lane Castlewood Business Park South Normanton
Alferton
NG17 1JF
GBR",220.87,5.0,238.34857142857143
1194,Salvatori Medway Ltd,"675A Mitcham Road
Croydon
CR0 3AF
GBR",41.0,1.0,99.08571428571429
1195,Fercam Austria Gmbh,"Schaferhauser Str. 2/2
73240Wendlingen
DEU",670.0,25.0,410.0
1196,Hoddesdon Distribution Ltd,"7 Distribution Center 7500 Skyline Drive
Warrington
WA5 3TP
GBR",20.0,2.0,19.0
1197,Hoddesdon Distribution Ltd,"7 Distribution Center 7500 Skyline Drive
Warrington
WA5 3TP
GBR",430.0,21.0,412.0
1198,Hoddesdon Distribution Ltd,"Altendiez Way
Burton Latimer
NN15 5YT
GBR",310.0,14.0,292.57142857142856
1199,Hoddesdon Distribution Ltd,"Cob Drive Swan Valley
Northampton
NN4 9BB
GBR",200.0,3.0,177.0
1200,Hoddesdon Distribution Ltd,"Earlsgate Park Earls Road   Grangemouth  Stirlingshire
Stirlingshire
FK3 8UZ
GBR",41.0,1.0,43.57142857142857
1201,Hoddesdon Distribution Ltd,"Earlsgate Park Earls Road   Grangemouth  Stirlingshire
Stirlingshire
FK3 8UZ
GBR",949.0,23.0,915.2857142857143
1202,Hoddesdon Distribution Ltd,"Greencore Prepared Foods Hownsgill Park Consett Co. Durham
Co Durahm
DH8 7NU
GBR",540.0,10.0,540.0
1203,Hoddesdon Distribution Ltd,"HAYDOCK IND EST HAYDOCK
St Helens
WA11 9WD
GBR",450.0,11.0,447.0
1204,Hoddesdon Distribution Ltd,"K ing St Rudheath (A556/A533)
Northwich
CW9 7WA
GBR",366.0,13.0,365.35714285714283
1205,Hoddesdon Distribution Ltd,"Magna Park A5 Watling Street
Lutterworth
LE17 4QU
GBR",14.0,1.0,15.0
1206,Hoddesdon Distribution Ltd,"Magna Park A5 Watling Street
Lutterworth
LE17 4QU
GBR",321.0,23.0,298.2857142857143
1207,Hoddesdon Distribution Ltd,"Main Warehouse Bays 10 to 13 Gousto C O Bowmans Chilled Stores Camel Gate
Spalding
PE12 6HA
GBR",410.0,24.0,374.14285714285717
1208,Lenham Storage Co Ltd,"Rutherford Drive Park Farm
South Wellingborough
NN8 6AQ
GBR",179.89,5.0,191.6514285714286
1209,Lenham Storage Co Ltd,"Wincanton Elton Head oad
St Helens
WA9 5AX
GBR",321.51,10.0,262.8014285714286
1210,Hoddesdon Distribution Ltd,"Atlas Wharf Berkshire Road
London
E9 5NB
GBR",240.0,13.0,290.0
1211,Hoddesdon Distribution Ltd,"Furnham Rd
Chard
TA20 1AA
GBR",265.0,5.0,283.57142857142856
1212,Hoddesdon Distribution Ltd,"Hailey Rd. Business Park
Erith
DA18 4AR
GBR",215.0,13.0,208.71428571428572
1213,Hoddesdon Distribution Ltd,"Kings Road
Bridgwater
TA6 4FG
GBR",425.0,17.0,419.14285714285717
1214,Hoddesdon Distribution Ltd,"Melford Road Righead Industrial Estate
Bellshill
ML4  3QD
GBR",970.0,7.0,843.5714285714286
1215,Hoddesdon Distribution Ltd,"Trading as Quality Foods 49-61 South Road
Southall
UB1 1SQ
GBR",150.0,4.0,135.9857142857143
1216,Hoddesdon Distribution Ltd,"Wakefield 41 Ind Est
Wakefield
WF2 0XF
GBR",396.0,18.0,364.2857142857143
1217,Barron Wood Distribution Ltd,"Keurweg 24  

5145NX Waalwijk 
NLD",495.0,26.0,332.42857142857144
1218,Lenham Storage Co Ltd,"401 Edinburgh Road Newhouse  Motherwell  North Lanarkshire
Motherwell
ML1 5GH
GBR",371.05,6.0,444.8457142857143
1219,Lenham Storage Co Ltd,"401 Edinburgh Road Newhouse  Motherwell  North Lanarkshire
Motherwell
ML1 5GH
GBR",415.02,6.0,444.8457142857143
1220,Lenham Storage Co Ltd,"Andover Business Park Pioneer Road
Andover
SP11 8EZ
GBR",124.75,5.0,140.10285714285715
1221,Lenham Storage Co Ltd,"Drum Ind Est Chester-Le-Street
Durham
DH2 1AE
GBR",278.18,5.0,263.13571428571424
1222,Lenham Storage Co Ltd,"Oliver Road
West Thurrock
RM20 3EN
GBR",109.15,5.0,119.47285714285715
1223,Lenham Storage Co Ltd,"Unit B Farmwell Lane Castlewood Business Park South Normanton
Alferton
NG17 1JF
GBR",220.87,6.0,245.2871428571429
1224,Hoddesdon Distribution Ltd,"2 Mandarin Way Pattison Ind. Estate District 15
Washington
NE38 8QA
GBR",40.0,1.0,114.28571428571429
1225,Hoddesdon Distribution Ltd,"2 Mandarin Way Pattison Ind. Estate District 15
Washington
NE38 8QA
GBR",600.0,15.0,559.2857142857143
1226,Hoddesdon Distribution Ltd,"21 High View Close
Hamilton Office Park
Leicester
LE4 PEX
GBR",195.0,5.0,55.142857142857146
1227,Hoddesdon Distribution Ltd,"49 ramsay street
Rochdale
OL16 2BX
GBR",370.0,5.05,68.85714285714286
1228,Hoddesdon Distribution Ltd,"7 Distribution Center 7500 Skyline Drive
Warrington
WA5 3TP
GBR",28.0,1.0,19.857142857142858
1229,Hoddesdon Distribution Ltd,"7 Distribution Center 7500 Skyline Drive
Warrington
WA5 3TP
GBR",442.0,16.0,444.85714285714283
1230,Hoddesdon Distribution Ltd,"7 Distribution Center 7500 Skyline Drive
Warrington
WA5 3TP
GBR",470.0,25.0,457.14285714285717
1231,Hoddesdon Distribution Ltd,"Altendiez Way
Burton Latimer
NN15 5YT
GBR",420.0,14.0,292.57142857142856
1232,Hoddesdon Distribution Ltd,"Ash Road South Wrexham Ind Estate
Wrexham, Wales
LL13 9UG
GBR",445.0,13.0,423.57142857142856
1233,Hoddesdon Distribution Ltd,"Earlsgate Park Earls Road   Grangemouth  Stirlingshire
Stirlingshire
FK3 8UZ
GBR",62.0,1.0,43.57142857142857
1234,Hoddesdon Distribution Ltd,"Earlsgate Park Earls Road   Grangemouth  Stirlingshire
Stirlingshire
FK3 8UZ
GBR",928.0,15.0,841.8571428571429
1235,Hoddesdon Distribution Ltd,"Foxbridge Way Off Pontefract Road Normanton
Wakefield
WF6 1TN
GBR",51.0,1.0,25.285714285714285
1236,Hoddesdon Distribution Ltd,"Foxbridge Way Off Pontefract Road Normanton
Wakefield
WF6 1TN
GBR",379.0,16.0,379.0
1237,Hoddesdon Distribution Ltd,"K ing St Rudheath (A556/A533)
Northwich
CW9 7WA
GBR",428.0,19.0,415.0
1238,Hoddesdon Distribution Ltd,"Kings Road
Bridgwater
TA6 4FG
GBR",475.0,15.0,417.7142857142857
1239,Hoddesdon Distribution Ltd,"Magna Park A5 Watling Street
Lutterworth
LE17 4QU
GBR",19.0,3.0,22.571428571428573
1240,Hoddesdon Distribution Ltd,"Magna Park A5 Watling Street
Lutterworth
LE17 4QU
GBR",278.0,15.0,285.7142857142857
1241,Hoddesdon Distribution Ltd,"Milton Park Milton
Abingdon
OX14 4TF
GBR",16.0,1.0,40.42857142857143
1242,Hoddesdon Distribution Ltd,"Milton Park Milton
Abingdon
OX14 4TF
GBR",298.0,19.0,274.42857142857144
1243,Hoddesdon Distribution Ltd,"Newhouse Farm Ind Est
Chepstow
NP6 6UD
GBR",22.0,1.0,22.714285714285715
1244,Hoddesdon Distribution Ltd,"Newhouse Farm Ind Est
Chepstow
NP6 6UD
GBR",423.0,19.0,398.14285714285717
1245,Hoddesdon Distribution Ltd,"Penzance Drive Churchward Park
Swindon
SN5 7JF
GBR",295.0,5.0,295.0
1246,Hoddesdon Distribution Ltd,"Quality Foods 34- 62 Staines Road Hounslow
Hounslow
TW3 3LZ
GBR",160.0,5.0,145.71428571428572
1247,Hoddesdon Distribution Ltd,"Rockingham Way Redhouse Interchange
Doncaster
DN6 7FB
GBR",104.0,6.0,114.0
1248,Hoddesdon Distribution Ltd,"Rockingham Way Redhouse Interchange
Doncaster
DN6 7FB
GBR",207.0,6.0,114.0
1249,Lenham Storage Co Ltd,"Murrayfield Road  Braunstone Frith Ind Estate   
Leicester
LE3 1UW
GBR",218.84,6.0,148.30714285714285
1250,Lenham Storage Co Ltd,"Unit 2D Central Boulevard Prologis Park    Coventry
Coventry
CV6 4BX
GBR",324.24,12.0,285.6042857142857
1251,Salvatori Medway Ltd,"14 Leofric SquareVicragefarm Road
Peterborough
PE1 5TU
GBR",100.5,3.0,105.64285714285714
1252,Salvatori Medway Ltd,"Stonehouse Street Lithorpe
Middlesborough
TS5 6HR
GBR",115.5,3.0,201.34285714285716
1253,Salvatori Medway Ltd,"Trading as Quality Foods 49-61 South Road
Southall
UB1 1SQ
GBR",99.0,3.0,135.98571428571427
1254,Hoddesdon Distribution Ltd,"237 -239 South Road 
Birmingham
B18 5JS
GBR",325.0,13.0,273.85714285714283
1255,Hoddesdon Distribution Ltd,"Crossways Business Park Galleon Boulevard
Dartford
DA2 6QL
GBR",225.0,21.0,173.42857142857142
1256,Hoddesdon Distribution Ltd,"Do not use staples in PW Langley Park Chalk Lane
Sutton Bridge
PE12 9YF
GBR",330.0,12.0,417.14285714285717
1257,Hoddesdon Distribution Ltd,"Main Warehouse Bays 10 to 13 Gousto C O Bowmans Chilled Stores Camel Gate
Spalding
PE12 6HA
GBR",340.0,8.0,339.42857142857144
1258,Hoddesdon Distribution Ltd,"Melford Road Righead Industrial Estate
Bellshill
ML4  3QD
GBR",873.0,9.0,818.4285714285714
1259,Hoddesdon Distribution Ltd,"Milton Park Milton
Abingdon
OX14 4TF
GBR",16.0,1.0,40.42857142857143
1260,Hoddesdon Distribution Ltd,"Wakefield 41 Ind Est
Wakefield
WF2 0XF
GBR",440.0,23.0,435.14285714285717
1261,Lenham Storage Co Ltd,"Andover Business Park Pioneer Road
Andover
SP11 8EZ
GBR",124.75,5.0,140.10285714285715
1262,Lenham Storage Co Ltd,"Oliver Road
West Thurrock
RM20 3EN
GBR",152.81,7.0,125.71
1263,Lenham Storage Co Ltd,"Unit 2D Central Boulevard Prologis Park    Coventry
Coventry
CV6 4BX
GBR",189.14,7.0,184.11428571428573
1264,Lenham Storage Co Ltd,"Wincanton Elton Head oad
St Helens
WA9 5AX
GBR",261.39,6.0,253.3942857142857
1265,Salvatori Medway Ltd,"265-269 Linthorpe Road
Middlesbrough
TS1 4AS
GBR",115.5,3.0,109.35714285714286
1266,Salvatori Medway Ltd,"7 Solar WayInova Park
Enfield
EN3 7XY
GBR",108.0,3.0,176.95000000000002
1267,Salvatori Medway Ltd,"Unit A Trafalgar CentreBelfield Road
Rochdale
OL16 2UX
GBR",100.5,3.0,139.64285714285714
1268,Hoddesdon Distribution Ltd,"5 Solar Way Innova Park
Enfield
EN3 7XY
GBR",180.0,5.0,180.0
1269,Hoddesdon Distribution Ltd,"Atlas Wharf Berkshire Road
London
E9 5NB
GBR",265.0,26.0,290.0
1270,Hoddesdon Distribution Ltd,"Crossways Business Park Galleon Boulevard
Dartford
DA2 6QL
GBR",225.0,25.0,212.42857142857142
1271,Hoddesdon Distribution Ltd,"Davy Close Park Farm Ind Est
Wellingborough
NN8 6XX
GBR",310.0,14.0,304.2857142857143
1272,Hoddesdon Distribution Ltd,"Golden House Golden Bus Park Orient Way
Leyton
E10 7FE
GBR",220.0,10.0,230.42857142857142
1273,Hoddesdon Distribution Ltd,"Greencore Prepared Foods Hownsgill Park Consett Co. Durham
Co Durahm
DH8 7NU
GBR",540.0,10.0,540.0
1274,Hoddesdon Distribution Ltd,"Newhouse Farm Ind Est
Chepstow
NP6 6UD
GBR",445.0,26.0,423.14285714285717
1275,Lenham Storage Co Ltd,"Popular Way West Cabot park Avonmouth  Bristol
Bristol
BS11 0YW
GBR",218.84,6.0,186.29571428571427
1276,Lenham Storage Co Ltd,"Unit B Farmwell Lane Castlewood Business Park South Normanton
Alferton
NG17 1JF
GBR",246.08,6.0,245.2871428571429
1277,Roche freight Ireland Ltd,"Killamonan Road The Ward Co.Dublin
Co dublin
DublinDublin
IRL",594.6,3.65,397.56
1278,Hoddesdon Distribution Ltd,"169 Ettingshall Road
Wolverhampton
WV2 2RB
GBR",275.0,7.0,252.14285714285714
1279,Hoddesdon Distribution Ltd,"2 Mandarin Way Pattison Ind. Estate District 15
Washington
NE38 8QA
GBR",550.0,10.0,484.0
1280,Hoddesdon Distribution Ltd,"7 Distribution Center 7500 Skyline Drive
Warrington
WA5 3TP
GBR",470.0,17.0,444.85714285714283
1281,Hoddesdon Distribution Ltd,"Cob Drive Swan Valley
Northampton
NN4 9BB
GBR",320.0,26.0,317.7142857142857
1282,Hoddesdon Distribution Ltd,"Earlsgate Park Earls Road   Grangemouth  Stirlingshire
Stirlingshire
FK3 8UZ
GBR",990.0,18.0,856.7142857142857
1283,Hoddesdon Distribution Ltd,"Foxbridge Way Off Pontefract Road Normanton
Wakefield
WF6 1TN
GBR",430.0,19.0,395.7142857142857
1284,Hoddesdon Distribution Ltd,"Magna Park A5 Watling Street
Lutterworth
LE17 4QU
GBR",19.0,2.0,18.571428571428573
1285,Hoddesdon Distribution Ltd,"Magna Park A5 Watling Street
Lutterworth
LE17 4QU
GBR",271.0,21.0,282.7142857142857
1286,Hoddesdon Distribution Ltd,"Magna Park A5 Watling Street
Lutterworth
LE17 4QU
GBR",297.0,17.0,285.7142857142857
1287,Hoddesdon Distribution Ltd,"Milton Park Milton
Abingdon
OX14 4TF
GBR",28.0,2.0,21.285714285714285
1288,Hoddesdon Distribution Ltd,"Milton Park Milton
Abingdon
OX14 4TF
GBR",288.0,20.0,274.42857142857144
1289,Hoddesdon Distribution Ltd,"Regional Distribution center 7502 Norman Road Belvedere
Bexley
DA17 6JY
GBR",200.0,8.0,175.0
1290,Hoddesdon Distribution Ltd,"Wag Hardwick Grange
Willston
WA1 4RJ
GBR",370.0,5.0,371.42857142857144
1291,Lenham Storage Co Ltd,"401 Edinburgh Road Newhouse  Motherwell  North Lanarkshire
Motherwell
ML1 5GH
GBR",477.85,8.0,444.84571428571434
1292,DHL Express Ltd,"3 Avenue de Br?hat Villebon-sur-Yvette 
91140Essonne
FRA",695.0,5.0,127.85714285714286
1293,Hoddesdon Distribution Ltd,"44 Watts Grove
Bow
E3 3RE
GBR",205.0,8.0,158.57142857142858
1294,Hoddesdon Distribution Ltd,"5 Solar Way Innova Park
Enfield
EN3 7XY
GBR",180.0,5.0,180.0
1295,Hoddesdon Distribution Ltd,"Altendiez Way
Burton Latimer
NN15 5YT
GBR",294.0,26.0,318.2857142857143
1296,Hoddesdon Distribution Ltd,"Altendiez Way
Burton Latimer
NN15 5YT
GBR",320.0,26.0,318.2857142857143
1297,Hoddesdon Distribution Ltd,"Berkshire Road London
London
E9 5NB
GBR",160.0,5.0,29.714285714285715
1298,Hoddesdon Distribution Ltd,"Do not use staples in PW Laburnum Farm Old Leake 
Boston
PE22 9PN
GBR",235.0,3.0,192.28571428571428
1299,Hoddesdon Distribution Ltd,"Hailey Rd. Business Park
Erith
DA18 4AR
GBR",14.0,1.0,48.857142857142854
1300,Hoddesdon Distribution Ltd,"Hailey Rd. Business Park
Erith
DA18 4AR
GBR",201.0,14.0,208.71428571428572
1301,Hoddesdon Distribution Ltd,"K ing St Rudheath (A556/A533)
Northwich
CW9 7WA
GBR",450.0,26.0,419.14285714285717
1302,Hoddesdon Distribution Ltd,"Kings Road
Bridgwater
TA6 4FG
GBR",475.0,25.0,454.85714285714283
1303,Hoddesdon Distribution Ltd,"Magna Park A5 Watling Street
Lutterworth
LE17 4QU
GBR",19.0,5.0,30.0
1304,Hoddesdon Distribution Ltd,"Manchester Superstore, Florence St, 
Bradford
BD3 8EX
GBR",165.0,3.0,22.571428571428573
1305,Hoddesdon Distribution Ltd,"Melford Road Righead Industrial Estate
Bellshill
ML4  3QD
GBR",970.0,14.0,872.5714285714286
1306,Hoddesdon Distribution Ltd,"Milton Park Milton
Abingdon
OX14 4TF
GBR",14.0,1.0,40.42857142857143
1307,Hoddesdon Distribution Ltd,"Penzance Drive Churchward Park
Swindon
SN5 7JF
GBR",295.0,5.0,295.0
1308,Hoddesdon Distribution Ltd,"Unit 19 Small HeathTrading Estate Armoury Road
Birmingham
B11 2RJ
GBR",162.0,4.0,57.614285714285714
1309,Hoddesdon Distribution Ltd,"VIA LEA BRIDGE RD & ARGALL WAY
LEYTON
E10 7AS
GBR",145.0,3.79,123.77142857142859
1310,Hoddesdon Distribution Ltd,"Wakefield 41 Ind Est
Wakefield
WF2 0XF
GBR",440.0,42.0,435.14285714285717
1311,Lenham Storage Co Ltd,"Popular Way West Cabot park Avonmouth  Bristol
Bristol
BS11 0YW
GBR",267.03,9.0,217.5842857142857
1312,Lenham Storage Co Ltd,"Unit 2D Central Boulevard Prologis Park    Coventry
Coventry
CV6 4BX
GBR",385.95,15.0,322.5357142857143
1313,Salvatori Medway Ltd,"Unit 8198 Camford Way
Luton
LU33AN
GBR",108.0,3.0,121.71428571428571
1314,Hoddesdon Distribution Ltd,"7 Distribution Center 7500 Skyline Drive
Warrington
WA5 3TP
GBR",26.0,1.0,19.857142857142858
1315,Hoddesdon Distribution Ltd,"7 Distribution Center 7500 Skyline Drive
Warrington
WA5 3TP
GBR",444.0,18.0,448.85714285714283
1316,Hoddesdon Distribution Ltd,"7 Distribution Center 7500 Skyline Drive
Warrington
WA5 3TP
GBR",470.0,26.0,457.14285714285717
1317,Hoddesdon Distribution Ltd,"A Division of Samworth Brothers Limited- Oak Spinney Park Ratby Lane Forest East
Leicester
LE3 3JZ
GBR",210.0,2.0,100.14285714285714
1318,Hoddesdon Distribution Ltd,"Altendiez Way
Burton Latimer
NN15 5YT
GBR",306.0,22.0,300.42857142857144
1319,Hoddesdon Distribution Ltd,"Ash Road South Wrexham Industrial Estate  Clwyd  Wrexham
Wrexham, Wales
LL13 9UG
GBR",460.0,18.0,310.14285714285717
1320,Hoddesdon Distribution Ltd,"Cob Drive Swan Valley
Northampton
NN4 9BB
GBR",22.0,1.0,142.0
1321,Hoddesdon Distribution Ltd,"Cob Drive Swan Valley
Northampton
NN4 9BB
GBR",288.0,13.0,340.2857142857143
1322,Hoddesdon Distribution Ltd,"Crossways Business Park Galleon Boulevard
Dartford
DA2 6QL
GBR",18.0,2.0,16.571428571428573
1323,Hoddesdon Distribution Ltd,"Crossways Business Park Galleon Boulevard
Dartford
DA2 6QL
GBR",207.0,24.0,207.42857142857142
1324,Hoddesdon Distribution Ltd,"Earlsgate Park Earls Road   Grangemouth  Stirlingshire
Stirlingshire
FK3 8UZ
GBR",990.0,21.0,860.0
1325,Hoddesdon Distribution Ltd,"Foxbridge Way Off Pontefract Road Normanton
Wakefield
WF6 1TN
GBR",430.0,21.0,398.42857142857144
1326,Hoddesdon Distribution Ltd,"K ing St Rudheath (A556/A533)
Northwich
CW9 7WA
GBR",433.0,25.0,419.14285714285717
1327,Hoddesdon Distribution Ltd,"Kings Road
Bridgwater
TA6 4FG
GBR",475.0,18.0,419.14285714285717
1328,Hoddesdon Distribution Ltd,"Magna Park A5 Watling Street
Lutterworth
LE17 4QU
GBR",17.0,1.0,15.0
1329,Hoddesdon Distribution Ltd,"Magna Park A5 Watling Street
Lutterworth
LE17 4QU
GBR",50.0,3.0,22.571428571428573
1330,Hoddesdon Distribution Ltd,"Magna Park A5 Watling Street
Lutterworth
LE17 4QU
GBR",268.0,17.0,285.7142857142857
1331,Hoddesdon Distribution Ltd,"Milton Park Milton
Abingdon
OX14 4TF
GBR",16.0,2.0,21.285714285714285
1332,Hoddesdon Distribution Ltd,"Milton Park Milton
Abingdon
OX14 4TF
GBR",298.0,20.0,274.42857142857144
1333,Hoddesdon Distribution Ltd,"Mr Shabir Ahmed36 Park Road Oldham
Oldham
OL8 1DB
GBR",225.0,4.0,109.73571428571428
1334,Hoddesdon Distribution Ltd,"Newhouse Farm Ind Est
Chepstow
NP6 6UD
GBR",445.0,24.0,403.7142857142857
1335,Hoddesdon Distribution Ltd,"Rockingham Way Redhouse Interchange
Doncaster
DN6 7FB
GBR",75.0,3.0,65.71428571428571
1336,Hoddesdon Distribution Ltd,"Rockingham Way Redhouse Interchange
Doncaster
DN6 7FB
GBR",150.0,6.0,114.0
1337,Hoddesdon Distribution Ltd,"Rockingham Way Redhouse Interchange
Doncaster
DN6 7FB
GBR",200.0,8.0,182.85714285714286
1338,Hoddesdon Distribution Ltd,"South bridge way The Green
Southall
UB2 4AX
GBR",168.0,5.0,152.28571428571428
1339,Hoddesdon Distribution Ltd,"Unit 2, Derby Shopping Centre

Bolton
BL3 5BP
GBR",158.0,3.0,46.0
1340,Hoddesdon Distribution Ltd,"Unit 6
Drome Road

Deeside
CH5 2NY
GBR",310.0,4.0,29.571428571428573
1341,Hoddesdon Distribution Ltd,"Unit8 Anchor Business Park Featherstall Road North
Oldham
OL9 6AZ
GBR",330.0,8.0,194.71428571428572
1342,Hoddesdon Distribution Ltd,"Wakefield 41 Ind Est
Wakefield
WF2 0XF
GBR",440.0,26.0,435.14285714285717
1343,Lenham Storage Co Ltd,"Murrayfield Road  Braunstone Frith Ind Estate   
Leicester
LE3 1UW
GBR",126.51,3.0,104.1542857142857
1344,Lenham Storage Co Ltd,"Unit 2D Central Boulevard Prologis Park    Coventry
Coventry
CV6 4BX
GBR",189.14,7.0,184.11428571428573
1345,Hoddesdon Distribution Ltd,"169 Ettingshall Road
Wolverhampton
WV2 2RB
GBR",325.0,15.0,311.42857142857144
1346,Hoddesdon Distribution Ltd,"730 Oxford Road,
Reading
RG30 1EH
GBR",250.0,6.0,63.57142857142857
1347,Hoddesdon Distribution Ltd,"Hilbert House
New Street

Manchester
M40 8AW
GBR",330.0,6.0,215.87857142857143
1348,Hoddesdon Distribution Ltd,"Melford Road Righead Industrial Estate
Bellshill
ML4  3QD
GBR",842.0,17.0,875.4285714285714
1349,Hoddesdon Distribution Ltd,"Newhouse Farm Ind Est
Chepstow
NP6 6UD
GBR",445.0,26.0,423.14285714285717
1350,Hoddesdon Distribution Ltd,"Quality Foods 34- 62 Staines Road Hounslow
Hounslow
TW3 3LZ
GBR",160.0,5.0,145.71428571428572
1351,Hoddesdon Distribution Ltd,"Sonali Supermarket Birmingham ltd Lozells Road
Birmingham
B192TN
GBR",250.0,6.0,81.85714285714286
1352,Hoddesdon Distribution Ltd,"Wakefield 41 Ind Est
Wakefield
WF2 0XF
GBR",280.0,4.0,292.85714285714283
1353,Lenham Storage Co Ltd,"Andover Business Park Pioneer Road
Andover
SP11 8EZ
GBR",124.75,5.0,140.10285714285715
1354,Lenham Storage Co Ltd,"Oliver Road
West Thurrock
RM20 3EN
GBR",152.81,7.0,125.71
1355,Lenham Storage Co Ltd,"Rutherford Drive Park Farm
South Wellingborough
NN8 6AQ
GBR",229.4,8.0,191.65142857142857
1356,DHL Express Ltd,"1 avenue de Brehat
91140Villebon-sur-Yvette
FRA",750.0,5.0,132.85714285714286
1357,Hoddesdon Distribution Ltd,"Booth Drive Parkfarm Ind. Estate    Wellingborough  Northants
Wellingborough
NN8 6GR
GBR",145.0,3.0,112.0
1358,Hoddesdon Distribution Ltd,"c/o DHL Foxhills Ind Est
Scunthorpe
DN159YA
GBR",450.0,18.0,402.85714285714283
1359,Hoddesdon Distribution Ltd,"Cameron Wood  Nettlehill Rd Houston Industrial Estate
LIVINGSTON
EH54 5DL
GBR",600.0,5.0,356.85714285714283
1360,Hoddesdon Distribution Ltd,"Crossways Business Park Galleon Boulevard
Dartford
DA2 6QL
GBR",9.0,2.0,16.571428571428573
1361,Hoddesdon Distribution Ltd,"Crossways Business Park Galleon Boulevard
Dartford
DA2 6QL
GBR",208.0,24.0,207.42857142857142
1362,Hoddesdon Distribution Ltd,"Davy Close Park Farm Ind Est
Wellingborough
NN8 6XX
GBR",310.0,14.0,304.2857142857143
1363,Hoddesdon Distribution Ltd,"HAYDOCK IND EST HAYDOCK
St Helens
WA11 9WD
GBR",450.0,11.0,447.0
1364,Lenham Storage Co Ltd,"Popular Way West Cabot park Avonmouth  Bristol
Bristol
BS11 0YW
GBR",196.26,5.0,186.29571428571427
1365,Lenham Storage Co Ltd,"Unit 2D Central Boulevard Prologis Park    Coventry
Coventry
CV6 4BX
GBR",162.12,6.0,184.11428571428573
1366,Roche freight Ireland Ltd,"Killamonan Road The Ward Co.Dublin
Co dublin
DublinDublin
IRL",414.0,2.44,322.9171428571429
1367,Salvatori Medway Ltd,"Upper Thomas Street
Aston
Birmingham
B6 5AD
GBR",100.5,3.0,227.78571428571428
1368,Hoddesdon Distribution Ltd,"2 Mandarin Way Pattison Ind. Estate District 15
Washington
NE38 8QA
GBR",550.0,14.0,559.2857142857143
1369,Hoddesdon Distribution Ltd,"7 Distribution Center 7500 Skyline Drive
Warrington
WA5 3TP
GBR",470.0,18.0,448.85714285714283
1370,Hoddesdon Distribution Ltd,"Earlsgate Park Earls Road   Grangemouth  Stirlingshire
Stirlingshire
FK3 8UZ
GBR",990.0,18.0,856.7142857142857
1371,Hoddesdon Distribution Ltd,"Foxbridge Way Off Pontefract Road Normanton
Wakefield
WF6 1TN
GBR",21.0,1.0,25.285714285714285
1372,Hoddesdon Distribution Ltd,"Foxbridge Way Off Pontefract Road Normanton
Wakefield
WF6 1TN
GBR",409.0,19.0,395.7142857142857
1373,Hoddesdon Distribution Ltd,"Greencore Food to go Spalding Wardentree Lane Pinchbeck
Spalding
PE11 3UY
GBR",200.0,2.0,69.85714285714286
1374,Hoddesdon Distribution Ltd,"Greencore Prepared Foods Hownsgill Park Consett Co. Durham
Co Durahm
DH8 7NU
GBR",540.0,10.0,540.0
1375,Hoddesdon Distribution Ltd,"Magna Park A5 Watling Street
Lutterworth
LE17 4QU
GBR",335.0,19.0,291.7142857142857
1376,Hoddesdon Distribution Ltd,"Milton Park Milton
Abingdon
OX14 4TF
GBR",16.0,1.0,40.42857142857143
1377,Hoddesdon Distribution Ltd,"Milton Park Milton
Abingdon
OX14 4TF
GBR",314.0,22.0,283.0
1378,Hoddesdon Distribution Ltd,"South bridge way The Green
Southall
UB2 4AX
GBR",210.0,6.0,152.28571428571428
1379,Hoddesdon Distribution Ltd,"Altendiez Way
Burton Latimer
NN15 5YT
GBR",304.0,19.0,293.2857142857143
1380,Hoddesdon Distribution Ltd,"K ing St Rudheath (A556/A533)
Northwich
CW9 7WA
GBR",333.0,7.0,334.57142857142856
1381,Hoddesdon Distribution Ltd,"Kings Road
Bridgwater
TA6 4FG
GBR",423.0,10.0,413.42857142857144
1382,Hoddesdon Distribution Ltd,"Melford Road Righead Industrial Estate
Bellshill
ML4  3QD
GBR",554.0,4.0,721.0
1383,Hoddesdon Distribution Ltd,"T/A IqbroUnit 3 C Button End Industrial Estate Button End
Harston
CB22 7GX
GBR",200.0,5.0,133.71428571428572
1384,Hoddesdon Distribution Ltd,"Wakefield 41 Ind Est
Wakefield
WF2 0XF
GBR",411.0,14.0,386.57142857142856
1385,Hoddesdon Distribution Ltd,"Furnham Rd
Chard
TA20 1AA
GBR",265.0,3.0,283.57142857142856
